Analysis & Synthesis report for AlarmClock
Thu Aug 27 12:48:06 2026
Quartus Prime Version 25.1std.0 Build 1129 10/21/2025 SC Lite Edition


---------------------
; Table of Contents ;
---------------------
  1. Legal Notice
  2. Analysis & Synthesis Summary
  3. Analysis & Synthesis Settings
  4. Parallel Compilation
  5. Analysis & Synthesis Source Files Read
  6. Analysis & Synthesis Resource Usage Summary
  7. Analysis & Synthesis Resource Utilization by Entity
  8. Analysis & Synthesis IP Cores Summary
  9. Registers Removed During Synthesis
 10. General Register Statistics
 11. Inverted Register Statistics
 12. Multiplexer Restructuring Statistics (Restructuring Performed)
 13. Parameter Settings for User Entity Instance: alarm_clock_top_level:inst|alarm_clock:mainClock|debouncer:switch_select_debouncer
 14. Parameter Settings for User Entity Instance: alarm_clock_top_level:inst|alarm_clock:mainClock|debouncer:switch_select_debouncer|clock_enable:u1
 15. Parameter Settings for User Entity Instance: alarm_clock_top_level:inst|alarm_clock:mainClock|debouncer:increment_debouncer
 16. Parameter Settings for User Entity Instance: alarm_clock_top_level:inst|alarm_clock:mainClock|debouncer:increment_debouncer|clock_enable:u1
 17. Parameter Settings for User Entity Instance: alarm_clock_top_level:inst|alarm_clock:mainClock|sec_counter:counter
 18. Parameter Settings for User Entity Instance: PLL:inst4|altpll:altpll_component
 19. Parameter Settings for User Entity Instance: LPM_INV:inst7
 20. altpll Parameter Settings by Entity Instance
 21. Port Connectivity Checks: "alarm_clock_top_level:inst|alarm_control:alarmDevice"
 22. Port Connectivity Checks: "alarm_clock_top_level:inst|alarm_clock:mainClock|reg1bit:setTimeReg|d_ff:idff"
 23. Port Connectivity Checks: "alarm_clock_top_level:inst|alarm_clock:mainClock|sec_reg_U:secRegU|reg4bit:register|reg_cell:reg4bit[3]"
 24. Port Connectivity Checks: "alarm_clock_top_level:inst|alarm_clock:mainClock|sec_reg_U:secRegU|reg4bit:register|reg_cell:reg4bit[0]|d_ff:ff"
 25. Port Connectivity Checks: "alarm_clock_top_level:inst|alarm_clock:mainClock|sec_reg_U:secRegU|reg4bit:register|reg_cell:reg4bit[0]"
 26. Port Connectivity Checks: "alarm_clock_top_level:inst|alarm_clock:mainClock|sec_counter:counter|d_ff:count_reg[25]"
 27. Port Connectivity Checks: "alarm_clock_top_level:inst|alarm_clock:mainClock|sec_counter:counter|d_ff:count_reg[24]"
 28. Port Connectivity Checks: "alarm_clock_top_level:inst|alarm_clock:mainClock|sec_counter:counter|d_ff:count_reg[23]"
 29. Port Connectivity Checks: "alarm_clock_top_level:inst|alarm_clock:mainClock|sec_counter:counter|d_ff:count_reg[22]"
 30. Port Connectivity Checks: "alarm_clock_top_level:inst|alarm_clock:mainClock|sec_counter:counter|d_ff:count_reg[21]"
 31. Port Connectivity Checks: "alarm_clock_top_level:inst|alarm_clock:mainClock|sec_counter:counter|d_ff:count_reg[20]"
 32. Port Connectivity Checks: "alarm_clock_top_level:inst|alarm_clock:mainClock|sec_counter:counter|d_ff:count_reg[19]"
 33. Port Connectivity Checks: "alarm_clock_top_level:inst|alarm_clock:mainClock|sec_counter:counter|d_ff:count_reg[18]"
 34. Port Connectivity Checks: "alarm_clock_top_level:inst|alarm_clock:mainClock|sec_counter:counter|d_ff:count_reg[17]"
 35. Port Connectivity Checks: "alarm_clock_top_level:inst|alarm_clock:mainClock|sec_counter:counter|d_ff:count_reg[16]"
 36. Port Connectivity Checks: "alarm_clock_top_level:inst|alarm_clock:mainClock|sec_counter:counter|d_ff:count_reg[15]"
 37. Port Connectivity Checks: "alarm_clock_top_level:inst|alarm_clock:mainClock|sec_counter:counter|d_ff:count_reg[14]"
 38. Port Connectivity Checks: "alarm_clock_top_level:inst|alarm_clock:mainClock|sec_counter:counter|d_ff:count_reg[13]"
 39. Port Connectivity Checks: "alarm_clock_top_level:inst|alarm_clock:mainClock|sec_counter:counter|d_ff:count_reg[12]"
 40. Port Connectivity Checks: "alarm_clock_top_level:inst|alarm_clock:mainClock|sec_counter:counter|d_ff:count_reg[11]"
 41. Port Connectivity Checks: "alarm_clock_top_level:inst|alarm_clock:mainClock|sec_counter:counter|d_ff:count_reg[10]"
 42. Port Connectivity Checks: "alarm_clock_top_level:inst|alarm_clock:mainClock|sec_counter:counter|d_ff:count_reg[9]"
 43. Port Connectivity Checks: "alarm_clock_top_level:inst|alarm_clock:mainClock|sec_counter:counter|d_ff:count_reg[8]"
 44. Port Connectivity Checks: "alarm_clock_top_level:inst|alarm_clock:mainClock|sec_counter:counter|d_ff:count_reg[7]"
 45. Port Connectivity Checks: "alarm_clock_top_level:inst|alarm_clock:mainClock|sec_counter:counter|d_ff:count_reg[6]"
 46. Port Connectivity Checks: "alarm_clock_top_level:inst|alarm_clock:mainClock|sec_counter:counter|d_ff:count_reg[5]"
 47. Port Connectivity Checks: "alarm_clock_top_level:inst|alarm_clock:mainClock|sec_counter:counter|d_ff:count_reg[4]"
 48. Port Connectivity Checks: "alarm_clock_top_level:inst|alarm_clock:mainClock|sec_counter:counter|d_ff:count_reg[3]"
 49. Port Connectivity Checks: "alarm_clock_top_level:inst|alarm_clock:mainClock|sec_counter:counter|d_ff:count_reg[2]"
 50. Port Connectivity Checks: "alarm_clock_top_level:inst|alarm_clock:mainClock|sec_counter:counter|d_ff:count_reg[1]"
 51. Port Connectivity Checks: "alarm_clock_top_level:inst|alarm_clock:mainClock|sec_counter:counter|d_ff:count_reg[0]"
 52. Port Connectivity Checks: "alarm_clock_top_level:inst|alarm_clock:mainClock|sec_counter:counter"
 53. Port Connectivity Checks: "alarm_clock_top_level:inst|alarm_clock:mainClock|reg6bit:iREG1|d_ff:iREG[5]"
 54. Port Connectivity Checks: "alarm_clock_top_level:inst|alarm_clock:mainClock|reg6bit:iREG1|d_ff:iREG[4]"
 55. Port Connectivity Checks: "alarm_clock_top_level:inst|alarm_clock:mainClock|reg6bit:iREG1|d_ff:iREG[3]"
 56. Port Connectivity Checks: "alarm_clock_top_level:inst|alarm_clock:mainClock|reg6bit:iREG1|d_ff:iREG[2]"
 57. Port Connectivity Checks: "alarm_clock_top_level:inst|alarm_clock:mainClock|reg6bit:iREG1|d_ff:iREG[1]"
 58. Port Connectivity Checks: "alarm_clock_top_level:inst|alarm_clock:mainClock|reg6bit:iREG1|d_ff:iREG[0]"
 59. Post-Synthesis Netlist Statistics for Top Partition
 60. Elapsed Time Per Partition
 61. Analysis & Synthesis Messages



----------------
; Legal Notice ;
----------------
Copyright (C) 2025  Altera Corporation. All rights reserved.
Your use of Altera Corporation's design tools, logic functions 
and other software and tools, and any partner logic 
functions, and any output files from any of the foregoing 
(including device programming or simulation files), and any 
associated documentation or information are expressly subject 
to the terms and conditions of the Altera Program License 
Subscription Agreement, the Altera Quartus Prime License Agreement,
the Altera IP License Agreement, or other applicable license
agreement, including, without limitation, that your use is for
the sole purpose of programming logic devices manufactured by
Altera and sold by Altera or its authorized distributors.  Please
refer to the Altera Software License Subscription Agreements 
on the Quartus Prime software download page.



+-----------------------------------------------------------------------------------+
; Analysis & Synthesis Summary                                                      ;
+---------------------------------+-------------------------------------------------+
; Analysis & Synthesis Status     ; Successful - Thu Aug 27 12:48:06 2026           ;
; Quartus Prime Version           ; 25.1std.0 Build 1129 10/21/2025 SC Lite Edition ;
; Revision Name                   ; AlarmClock                                      ;
; Top-level Entity Name           ; AlarmClock                                      ;
; Family                          ; Cyclone V                                       ;
; Logic utilization (in ALMs)     ; N/A                                             ;
; Total registers                 ; 137                                             ;
; Total pins                      ; 48                                              ;
; Total virtual pins              ; 0                                               ;
; Total block memory bits         ; 0                                               ;
; Total DSP Blocks                ; 0                                               ;
; Total HSSI RX PCSs              ; 0                                               ;
; Total HSSI PMA RX Deserializers ; 0                                               ;
; Total HSSI TX PCSs              ; 0                                               ;
; Total HSSI PMA TX Serializers   ; 0                                               ;
; Total PLLs                      ; 1                                               ;
; Total DLLs                      ; 0                                               ;
+---------------------------------+-------------------------------------------------+


+---------------------------------------------------------------------------------------------------------------------------+
; Analysis & Synthesis Settings                                                                                             ;
+---------------------------------------------------------------------------------+--------------------+--------------------+
; Option                                                                          ; Setting            ; Default Value      ;
+---------------------------------------------------------------------------------+--------------------+--------------------+
; Device                                                                          ; 5CSEMA5F31C6       ;                    ;
; Top-level entity name                                                           ; AlarmClock         ; AlarmClock         ;
; Family name                                                                     ; Cyclone V          ; Cyclone V          ;
; Use smart compilation                                                           ; Off                ; Off                ;
; Enable parallel Assembler and Timing Analyzer during compilation                ; On                 ; On                 ;
; Enable compact report table                                                     ; Off                ; Off                ;
; Restructure Multiplexers                                                        ; Auto               ; Auto               ;
; MLAB Add Timing Constraints For Mixed-Port Feed-Through Mode Setting Don't Care ; Off                ; Off                ;
; Create Debugging Nodes for IP Cores                                             ; Off                ; Off                ;
; Preserve fewer node names                                                       ; On                 ; On                 ;
; Intel FPGA IP Evaluation Mode                                                   ; Enable             ; Enable             ;
; Verilog Version                                                                 ; Verilog_2001       ; Verilog_2001       ;
; VHDL Version                                                                    ; VHDL_1993          ; VHDL_1993          ;
; State Machine Processing                                                        ; Auto               ; Auto               ;
; Safe State Machine                                                              ; Off                ; Off                ;
; Extract Verilog State Machines                                                  ; On                 ; On                 ;
; Extract VHDL State Machines                                                     ; On                 ; On                 ;
; Ignore Verilog initial constructs                                               ; Off                ; Off                ;
; Iteration limit for constant Verilog loops                                      ; 5000               ; 5000               ;
; Iteration limit for non-constant Verilog loops                                  ; 250                ; 250                ;
; Add Pass-Through Logic to Inferred RAMs                                         ; On                 ; On                 ;
; Infer RAMs from Raw Logic                                                       ; On                 ; On                 ;
; Parallel Synthesis                                                              ; On                 ; On                 ;
; DSP Block Balancing                                                             ; Auto               ; Auto               ;
; NOT Gate Push-Back                                                              ; On                 ; On                 ;
; Power-Up Don't Care                                                             ; On                 ; On                 ;
; Remove Redundant Logic Cells                                                    ; Off                ; Off                ;
; Remove Duplicate Registers                                                      ; On                 ; On                 ;
; Ignore CARRY Buffers                                                            ; Off                ; Off                ;
; Ignore CASCADE Buffers                                                          ; Off                ; Off                ;
; Ignore GLOBAL Buffers                                                           ; Off                ; Off                ;
; Ignore ROW GLOBAL Buffers                                                       ; Off                ; Off                ;
; Ignore LCELL Buffers                                                            ; Off                ; Off                ;
; Ignore SOFT Buffers                                                             ; On                 ; On                 ;
; Limit AHDL Integers to 32 Bits                                                  ; Off                ; Off                ;
; Optimization Technique                                                          ; Balanced           ; Balanced           ;
; Carry Chain Length                                                              ; 70                 ; 70                 ;
; Auto Carry Chains                                                               ; On                 ; On                 ;
; Auto Open-Drain Pins                                                            ; On                 ; On                 ;
; Perform WYSIWYG Primitive Resynthesis                                           ; Off                ; Off                ;
; Auto ROM Replacement                                                            ; On                 ; On                 ;
; Auto RAM Replacement                                                            ; On                 ; On                 ;
; Auto DSP Block Replacement                                                      ; On                 ; On                 ;
; Auto Shift Register Replacement                                                 ; Auto               ; Auto               ;
; Allow Shift Register Merging across Hierarchies                                 ; Auto               ; Auto               ;
; Auto Clock Enable Replacement                                                   ; On                 ; On                 ;
; Strict RAM Replacement                                                          ; Off                ; Off                ;
; Allow Synchronous Control Signals                                               ; On                 ; On                 ;
; Force Use of Synchronous Clear Signals                                          ; Off                ; Off                ;
; Auto Resource Sharing                                                           ; Off                ; Off                ;
; Allow Any RAM Size For Recognition                                              ; Off                ; Off                ;
; Allow Any ROM Size For Recognition                                              ; Off                ; Off                ;
; Allow Any Shift Register Size For Recognition                                   ; Off                ; Off                ;
; Use LogicLock Constraints during Resource Balancing                             ; On                 ; On                 ;
; Ignore translate_off and synthesis_off directives                               ; Off                ; Off                ;
; Timing-Driven Synthesis                                                         ; On                 ; On                 ;
; Report Parameter Settings                                                       ; On                 ; On                 ;
; Report Source Assignments                                                       ; On                 ; On                 ;
; Report Connectivity Checks                                                      ; On                 ; On                 ;
; Ignore Maximum Fan-Out Assignments                                              ; Off                ; Off                ;
; Synchronization Register Chain Length                                           ; 3                  ; 3                  ;
; Power Optimization During Synthesis                                             ; Normal compilation ; Normal compilation ;
; HDL message level                                                               ; Level2             ; Level2             ;
; Suppress Register Optimization Related Messages                                 ; Off                ; Off                ;
; Number of Removed Registers Reported in Synthesis Report                        ; 5000               ; 5000               ;
; Number of Swept Nodes Reported in Synthesis Report                              ; 5000               ; 5000               ;
; Number of Inverted Registers Reported in Synthesis Report                       ; 100                ; 100                ;
; Clock MUX Protection                                                            ; On                 ; On                 ;
; Auto Gated Clock Conversion                                                     ; Off                ; Off                ;
; Block Design Naming                                                             ; Auto               ; Auto               ;
; SDC constraint protection                                                       ; Off                ; Off                ;
; Synthesis Effort                                                                ; Auto               ; Auto               ;
; Shift Register Replacement - Allow Asynchronous Clear Signal                    ; On                 ; On                 ;
; Pre-Mapping Resynthesis Optimization                                            ; Off                ; Off                ;
; Analysis & Synthesis Message Level                                              ; Medium             ; Medium             ;
; Disable Register Merging Across Hierarchies                                     ; Auto               ; Auto               ;
; Resource Aware Inference For Block RAM                                          ; On                 ; On                 ;
; Automatic Parallel Synthesis                                                    ; On                 ; On                 ;
; Partial Reconfiguration Bitstream ID                                            ; Off                ; Off                ;
+---------------------------------------------------------------------------------+--------------------+--------------------+


+------------------------------------------+
; Parallel Compilation                     ;
+----------------------------+-------------+
; Processors                 ; Number      ;
+----------------------------+-------------+
; Number detected on machine ; 22          ;
; Maximum allowed            ; 16          ;
;                            ;             ;
; Average used               ; 1.00        ;
; Maximum used               ; 16          ;
;                            ;             ;
; Usage by Processor         ; % Time Used ;
;     Processor 1            ; 100.0%      ;
;     Processors 2-16        ;   0.0%      ;
+----------------------------+-------------+


+----------------------------------------------------------------------------------------------------------------------------------------------------------------------------------+
; Analysis & Synthesis Source Files Read                                                                                                                                           ;
+----------------------------------+-----------------+------------------------------------+------------------------------------------------------------------------------+---------+
; File Name with User-Entered Path ; Used in Netlist ; File Type                          ; File Name with Absolute Path                                                 ; Library ;
+----------------------------------+-----------------+------------------------------------+------------------------------------------------------------------------------+---------+
; segGdec.sv                       ; yes             ; User SystemVerilog HDL File        ; C:/Users/Owner/Desktop/Robotics/FPGAWork/AlarmClock/segGdec.sv               ;         ;
; segFdec.sv                       ; yes             ; User SystemVerilog HDL File        ; C:/Users/Owner/Desktop/Robotics/FPGAWork/AlarmClock/segFdec.sv               ;         ;
; segEdec.sv                       ; yes             ; User SystemVerilog HDL File        ; C:/Users/Owner/Desktop/Robotics/FPGAWork/AlarmClock/segEdec.sv               ;         ;
; segDdec.sv                       ; yes             ; User SystemVerilog HDL File        ; C:/Users/Owner/Desktop/Robotics/FPGAWork/AlarmClock/segDdec.sv               ;         ;
; segCdec.sv                       ; yes             ; User SystemVerilog HDL File        ; C:/Users/Owner/Desktop/Robotics/FPGAWork/AlarmClock/segCdec.sv               ;         ;
; segBdec.sv                       ; yes             ; User SystemVerilog HDL File        ; C:/Users/Owner/Desktop/Robotics/FPGAWork/AlarmClock/segBdec.sv               ;         ;
; segAdec.sv                       ; yes             ; User SystemVerilog HDL File        ; C:/Users/Owner/Desktop/Robotics/FPGAWork/AlarmClock/segAdec.sv               ;         ;
; sec_reg_U.sv                     ; yes             ; User SystemVerilog HDL File        ; C:/Users/Owner/Desktop/Robotics/FPGAWork/AlarmClock/sec_reg_U.sv             ;         ;
; sec_reg_T.sv                     ; yes             ; User SystemVerilog HDL File        ; C:/Users/Owner/Desktop/Robotics/FPGAWork/AlarmClock/sec_reg_T.sv             ;         ;
; sec_counter.sv                   ; yes             ; User SystemVerilog HDL File        ; C:/Users/Owner/Desktop/Robotics/FPGAWork/AlarmClock/sec_counter.sv           ;         ;
; reg_cell.sv                      ; yes             ; User SystemVerilog HDL File        ; C:/Users/Owner/Desktop/Robotics/FPGAWork/AlarmClock/reg_cell.sv              ;         ;
; reg4bit.sv                       ; yes             ; User SystemVerilog HDL File        ; C:/Users/Owner/Desktop/Robotics/FPGAWork/AlarmClock/reg4bit.sv               ;         ;
; min_reg_U.sv                     ; yes             ; User SystemVerilog HDL File        ; C:/Users/Owner/Desktop/Robotics/FPGAWork/AlarmClock/min_reg_U.sv             ;         ;
; min_reg_T.sv                     ; yes             ; User SystemVerilog HDL File        ; C:/Users/Owner/Desktop/Robotics/FPGAWork/AlarmClock/min_reg_T.sv             ;         ;
; hr_reg_U.sv                      ; yes             ; User SystemVerilog HDL File        ; C:/Users/Owner/Desktop/Robotics/FPGAWork/AlarmClock/hr_reg_U.sv              ;         ;
; hr_reg_T.sv                      ; yes             ; User SystemVerilog HDL File        ; C:/Users/Owner/Desktop/Robotics/FPGAWork/AlarmClock/hr_reg_T.sv              ;         ;
; half_adder.sv                    ; yes             ; User SystemVerilog HDL File        ; C:/Users/Owner/Desktop/Robotics/FPGAWork/AlarmClock/half_adder.sv            ;         ;
; d_ff.sv                          ; yes             ; User SystemVerilog HDL File        ; C:/Users/Owner/Desktop/Robotics/FPGAWork/AlarmClock/d_ff.sv                  ;         ;
; bcd7seg.sv                       ; yes             ; User SystemVerilog HDL File        ; C:/Users/Owner/Desktop/Robotics/FPGAWork/AlarmClock/bcd7seg.sv               ;         ;
; alarm_clock.sv                   ; yes             ; User SystemVerilog HDL File        ; C:/Users/Owner/Desktop/Robotics/FPGAWork/AlarmClock/alarm_clock.sv           ;         ;
; AlarmClock.bdf                   ; yes             ; User Block Diagram/Schematic File  ; C:/Users/Owner/Desktop/Robotics/FPGAWork/AlarmClock/AlarmClock.bdf           ;         ;
; PLL.v                            ; yes             ; User Wizard-Generated File         ; C:/Users/Owner/Desktop/Robotics/FPGAWork/AlarmClock/PLL.v                    ;         ;
; alarm_clock_top_level.sv         ; yes             ; Auto-Found SystemVerilog HDL File  ; C:/Users/Owner/Desktop/Robotics/FPGAWork/AlarmClock/alarm_clock_top_level.sv ;         ;
; reg6bit.sv                       ; yes             ; Auto-Found SystemVerilog HDL File  ; C:/Users/Owner/Desktop/Robotics/FPGAWork/AlarmClock/reg6bit.sv               ;         ;
; debouncer.sv                     ; yes             ; Auto-Found SystemVerilog HDL File  ; C:/Users/Owner/Desktop/Robotics/FPGAWork/AlarmClock/debouncer.sv             ;         ;
; reg1bit.sv                       ; yes             ; Auto-Found SystemVerilog HDL File  ; C:/Users/Owner/Desktop/Robotics/FPGAWork/AlarmClock/reg1bit.sv               ;         ;
; alarm_control.sv                 ; yes             ; Auto-Found SystemVerilog HDL File  ; C:/Users/Owner/Desktop/Robotics/FPGAWork/AlarmClock/alarm_control.sv         ;         ;
; bcd7seg_en.sv                    ; yes             ; Auto-Found SystemVerilog HDL File  ; C:/Users/Owner/Desktop/Robotics/FPGAWork/AlarmClock/bcd7seg_en.sv            ;         ;
; altpll.tdf                       ; yes             ; Megafunction                       ; c:/altera_lite/25.1std/quartus/libraries/megafunctions/altpll.tdf            ;         ;
; aglobal251.inc                   ; yes             ; Megafunction                       ; c:/altera_lite/25.1std/quartus/libraries/megafunctions/aglobal251.inc        ;         ;
; stratix_pll.inc                  ; yes             ; Megafunction                       ; c:/altera_lite/25.1std/quartus/libraries/megafunctions/stratix_pll.inc       ;         ;
; stratixii_pll.inc                ; yes             ; Megafunction                       ; c:/altera_lite/25.1std/quartus/libraries/megafunctions/stratixii_pll.inc     ;         ;
; cycloneii_pll.inc                ; yes             ; Megafunction                       ; c:/altera_lite/25.1std/quartus/libraries/megafunctions/cycloneii_pll.inc     ;         ;
; db/pll_altpll1.v                 ; yes             ; Auto-Generated Megafunction        ; C:/Users/Owner/Desktop/Robotics/FPGAWork/AlarmClock/db/pll_altpll1.v         ;         ;
; lpm_inv.tdf                      ; yes             ; Megafunction                       ; c:/altera_lite/25.1std/quartus/libraries/megafunctions/lpm_inv.tdf           ;         ;
; logic0.sv                        ; yes             ; Auto-Found SystemVerilog HDL File  ; C:/Users/Owner/Desktop/Robotics/FPGAWork/AlarmClock/logic0.sv                ;         ;
+----------------------------------+-----------------+------------------------------------+------------------------------------------------------------------------------+---------+


+-------------------------------------------------------------------------------------------------------------------------------------+
; Analysis & Synthesis Resource Usage Summary                                                                                         ;
+---------------------------------------------+---------------------------------------------------------------------------------------+
; Resource                                    ; Usage                                                                                 ;
+---------------------------------------------+---------------------------------------------------------------------------------------+
; Estimate of Logic utilization (ALMs needed) ; 227                                                                                   ;
;                                             ;                                                                                       ;
; Combinational ALUT usage for logic          ; 360                                                                                   ;
;     -- 7 input functions                    ; 3                                                                                     ;
;     -- 6 input functions                    ; 89                                                                                    ;
;     -- 5 input functions                    ; 45                                                                                    ;
;     -- 4 input functions                    ; 58                                                                                    ;
;     -- <=3 input functions                  ; 165                                                                                   ;
;                                             ;                                                                                       ;
; Dedicated logic registers                   ; 137                                                                                   ;
;                                             ;                                                                                       ;
; I/O pins                                    ; 48                                                                                    ;
;                                             ;                                                                                       ;
; Total DSP Blocks                            ; 0                                                                                     ;
;                                             ;                                                                                       ;
; Total PLLs                                  ; 1                                                                                     ;
;     -- PLLs                                 ; 1                                                                                     ;
;                                             ;                                                                                       ;
; Maximum fan-out node                        ; PLL:inst4|altpll:altpll_component|PLL_altpll1:auto_generated|wire_generic_pll1_outclk ;
; Maximum fan-out                             ; 138                                                                                   ;
; Total fan-out                               ; 1857                                                                                  ;
; Average fan-out                             ; 3.13                                                                                  ;
+---------------------------------------------+---------------------------------------------------------------------------------------+


+-----------------------------------------------------------------------------------------------------------------------------------------------------------------------------------------------------------------------------------------------------------------------------------------------------------------------------------+
; Analysis & Synthesis Resource Utilization by Entity                                                                                                                                                                                                                                                                               ;
+----------------------------------------------+---------------------+---------------------------+-------------------+------------+------+--------------+------------------------------------------------------------------------------------------------------------------------------------+-----------------------+--------------+
; Compilation Hierarchy Node                   ; Combinational ALUTs ; Dedicated Logic Registers ; Block Memory Bits ; DSP Blocks ; Pins ; Virtual Pins ; Full Hierarchy Name                                                                                                                ; Entity Name           ; Library Name ;
+----------------------------------------------+---------------------+---------------------------+-------------------+------------+------+--------------+------------------------------------------------------------------------------------------------------------------------------------+-----------------------+--------------+
; |AlarmClock                                  ; 360 (0)             ; 137 (0)                   ; 0                 ; 0          ; 48   ; 0            ; |AlarmClock                                                                                                                        ; AlarmClock            ; work         ;
;    |PLL:inst4|                               ; 0 (0)               ; 0 (0)                     ; 0                 ; 0          ; 0    ; 0            ; |AlarmClock|PLL:inst4                                                                                                              ; PLL                   ; work         ;
;       |altpll:altpll_component|              ; 0 (0)               ; 0 (0)                     ; 0                 ; 0          ; 0    ; 0            ; |AlarmClock|PLL:inst4|altpll:altpll_component                                                                                      ; altpll                ; work         ;
;          |PLL_altpll1:auto_generated|        ; 0 (0)               ; 0 (0)                     ; 0                 ; 0          ; 0    ; 0            ; |AlarmClock|PLL:inst4|altpll:altpll_component|PLL_altpll1:auto_generated                                                           ; PLL_altpll1           ; work         ;
;    |alarm_clock_top_level:inst|              ; 360 (48)            ; 137 (25)                  ; 0                 ; 0          ; 0    ; 0            ; |AlarmClock|alarm_clock_top_level:inst                                                                                             ; alarm_clock_top_level ; work         ;
;       |alarm_clock:mainClock|                ; 234 (43)            ; 90 (0)                    ; 0                 ; 0          ; 0    ; 0            ; |AlarmClock|alarm_clock_top_level:inst|alarm_clock:mainClock                                                                       ; alarm_clock           ; work         ;
;          |debouncer:increment_debouncer|     ; 40 (2)              ; 30 (0)                    ; 0                 ; 0          ; 0    ; 0            ; |AlarmClock|alarm_clock_top_level:inst|alarm_clock:mainClock|debouncer:increment_debouncer                                         ; debouncer             ; work         ;
;             |clock_enable:u1|                ; 37 (37)             ; 27 (27)                   ; 0                 ; 0          ; 0    ; 0            ; |AlarmClock|alarm_clock_top_level:inst|alarm_clock:mainClock|debouncer:increment_debouncer|clock_enable:u1                         ; clock_enable          ; work         ;
;             |my_dff_en:d0|                   ; 1 (1)               ; 1 (1)                     ; 0                 ; 0          ; 0    ; 0            ; |AlarmClock|alarm_clock_top_level:inst|alarm_clock:mainClock|debouncer:increment_debouncer|my_dff_en:d0                            ; my_dff_en             ; work         ;
;             |my_dff_en:d1|                   ; 0 (0)               ; 1 (1)                     ; 0                 ; 0          ; 0    ; 0            ; |AlarmClock|alarm_clock_top_level:inst|alarm_clock:mainClock|debouncer:increment_debouncer|my_dff_en:d1                            ; my_dff_en             ; work         ;
;             |my_dff_en:d2|                   ; 0 (0)               ; 1 (1)                     ; 0                 ; 0          ; 0    ; 0            ; |AlarmClock|alarm_clock_top_level:inst|alarm_clock:mainClock|debouncer:increment_debouncer|my_dff_en:d2                            ; my_dff_en             ; work         ;
;          |debouncer:switch_select_debouncer| ; 1 (0)               ; 3 (0)                     ; 0                 ; 0          ; 0    ; 0            ; |AlarmClock|alarm_clock_top_level:inst|alarm_clock:mainClock|debouncer:switch_select_debouncer                                     ; debouncer             ; work         ;
;             |my_dff_en:d0|                   ; 1 (1)               ; 1 (1)                     ; 0                 ; 0          ; 0    ; 0            ; |AlarmClock|alarm_clock_top_level:inst|alarm_clock:mainClock|debouncer:switch_select_debouncer|my_dff_en:d0                        ; my_dff_en             ; work         ;
;             |my_dff_en:d1|                   ; 0 (0)               ; 1 (1)                     ; 0                 ; 0          ; 0    ; 0            ; |AlarmClock|alarm_clock_top_level:inst|alarm_clock:mainClock|debouncer:switch_select_debouncer|my_dff_en:d1                        ; my_dff_en             ; work         ;
;             |my_dff_en:d2|                   ; 0 (0)               ; 1 (1)                     ; 0                 ; 0          ; 0    ; 0            ; |AlarmClock|alarm_clock_top_level:inst|alarm_clock:mainClock|debouncer:switch_select_debouncer|my_dff_en:d2                        ; my_dff_en             ; work         ;
;          |hr_reg_T:hrRegT|                   ; 18 (2)              ; 4 (0)                     ; 0                 ; 0          ; 0    ; 0            ; |AlarmClock|alarm_clock_top_level:inst|alarm_clock:mainClock|hr_reg_T:hrRegT                                                       ; hr_reg_T              ; work         ;
;             |reg4bit:register|               ; 16 (0)              ; 4 (0)                     ; 0                 ; 0          ; 0    ; 0            ; |AlarmClock|alarm_clock_top_level:inst|alarm_clock:mainClock|hr_reg_T:hrRegT|reg4bit:register                                      ; reg4bit               ; work         ;
;                |reg_cell:reg4bit[0]|         ; 4 (3)               ; 1 (0)                     ; 0                 ; 0          ; 0    ; 0            ; |AlarmClock|alarm_clock_top_level:inst|alarm_clock:mainClock|hr_reg_T:hrRegT|reg4bit:register|reg_cell:reg4bit[0]                  ; reg_cell              ; work         ;
;                   |d_ff:ff|                  ; 1 (1)               ; 1 (1)                     ; 0                 ; 0          ; 0    ; 0            ; |AlarmClock|alarm_clock_top_level:inst|alarm_clock:mainClock|hr_reg_T:hrRegT|reg4bit:register|reg_cell:reg4bit[0]|d_ff:ff          ; d_ff                  ; work         ;
;                |reg_cell:reg4bit[1]|         ; 7 (0)               ; 1 (0)                     ; 0                 ; 0          ; 0    ; 0            ; |AlarmClock|alarm_clock_top_level:inst|alarm_clock:mainClock|hr_reg_T:hrRegT|reg4bit:register|reg_cell:reg4bit[1]                  ; reg_cell              ; work         ;
;                   |d_ff:ff|                  ; 6 (6)               ; 1 (1)                     ; 0                 ; 0          ; 0    ; 0            ; |AlarmClock|alarm_clock_top_level:inst|alarm_clock:mainClock|hr_reg_T:hrRegT|reg4bit:register|reg_cell:reg4bit[1]|d_ff:ff          ; d_ff                  ; work         ;
;                   |half_adder:adder|         ; 1 (1)               ; 0 (0)                     ; 0                 ; 0          ; 0    ; 0            ; |AlarmClock|alarm_clock_top_level:inst|alarm_clock:mainClock|hr_reg_T:hrRegT|reg4bit:register|reg_cell:reg4bit[1]|half_adder:adder ; half_adder            ; work         ;
;                |reg_cell:reg4bit[2]|         ; 3 (0)               ; 1 (0)                     ; 0                 ; 0          ; 0    ; 0            ; |AlarmClock|alarm_clock_top_level:inst|alarm_clock:mainClock|hr_reg_T:hrRegT|reg4bit:register|reg_cell:reg4bit[2]                  ; reg_cell              ; work         ;
;                   |d_ff:ff|                  ; 3 (3)               ; 1 (1)                     ; 0                 ; 0          ; 0    ; 0            ; |AlarmClock|alarm_clock_top_level:inst|alarm_clock:mainClock|hr_reg_T:hrRegT|reg4bit:register|reg_cell:reg4bit[2]|d_ff:ff          ; d_ff                  ; work         ;
;                |reg_cell:reg4bit[3]|         ; 2 (0)               ; 1 (0)                     ; 0                 ; 0          ; 0    ; 0            ; |AlarmClock|alarm_clock_top_level:inst|alarm_clock:mainClock|hr_reg_T:hrRegT|reg4bit:register|reg_cell:reg4bit[3]                  ; reg_cell              ; work         ;
;                   |d_ff:ff|                  ; 2 (2)               ; 1 (1)                     ; 0                 ; 0          ; 0    ; 0            ; |AlarmClock|alarm_clock_top_level:inst|alarm_clock:mainClock|hr_reg_T:hrRegT|reg4bit:register|reg_cell:reg4bit[3]|d_ff:ff          ; d_ff                  ; work         ;
;          |hr_reg_U:hrRegU|                   ; 20 (1)              ; 4 (0)                     ; 0                 ; 0          ; 0    ; 0            ; |AlarmClock|alarm_clock_top_level:inst|alarm_clock:mainClock|hr_reg_U:hrRegU                                                       ; hr_reg_U              ; work         ;
;             |reg4bit:register|               ; 19 (0)              ; 4 (0)                     ; 0                 ; 0          ; 0    ; 0            ; |AlarmClock|alarm_clock_top_level:inst|alarm_clock:mainClock|hr_reg_U:hrRegU|reg4bit:register                                      ; reg4bit               ; work         ;
;                |reg_cell:reg4bit[0]|         ; 4 (3)               ; 1 (0)                     ; 0                 ; 0          ; 0    ; 0            ; |AlarmClock|alarm_clock_top_level:inst|alarm_clock:mainClock|hr_reg_U:hrRegU|reg4bit:register|reg_cell:reg4bit[0]                  ; reg_cell              ; work         ;
;                   |d_ff:ff|                  ; 1 (1)               ; 1 (1)                     ; 0                 ; 0          ; 0    ; 0            ; |AlarmClock|alarm_clock_top_level:inst|alarm_clock:mainClock|hr_reg_U:hrRegU|reg4bit:register|reg_cell:reg4bit[0]|d_ff:ff          ; d_ff                  ; work         ;
;                |reg_cell:reg4bit[1]|         ; 7 (0)               ; 1 (0)                     ; 0                 ; 0          ; 0    ; 0            ; |AlarmClock|alarm_clock_top_level:inst|alarm_clock:mainClock|hr_reg_U:hrRegU|reg4bit:register|reg_cell:reg4bit[1]                  ; reg_cell              ; work         ;
;                   |d_ff:ff|                  ; 7 (7)               ; 1 (1)                     ; 0                 ; 0          ; 0    ; 0            ; |AlarmClock|alarm_clock_top_level:inst|alarm_clock:mainClock|hr_reg_U:hrRegU|reg4bit:register|reg_cell:reg4bit[1]|d_ff:ff          ; d_ff                  ; work         ;
;                |reg_cell:reg4bit[2]|         ; 5 (0)               ; 1 (0)                     ; 0                 ; 0          ; 0    ; 0            ; |AlarmClock|alarm_clock_top_level:inst|alarm_clock:mainClock|hr_reg_U:hrRegU|reg4bit:register|reg_cell:reg4bit[2]                  ; reg_cell              ; work         ;
;                   |d_ff:ff|                  ; 5 (5)               ; 1 (1)                     ; 0                 ; 0          ; 0    ; 0            ; |AlarmClock|alarm_clock_top_level:inst|alarm_clock:mainClock|hr_reg_U:hrRegU|reg4bit:register|reg_cell:reg4bit[2]|d_ff:ff          ; d_ff                  ; work         ;
;                |reg_cell:reg4bit[3]|         ; 3 (0)               ; 1 (0)                     ; 0                 ; 0          ; 0    ; 0            ; |AlarmClock|alarm_clock_top_level:inst|alarm_clock:mainClock|hr_reg_U:hrRegU|reg4bit:register|reg_cell:reg4bit[3]                  ; reg_cell              ; work         ;
;                   |d_ff:ff|                  ; 3 (3)               ; 1 (1)                     ; 0                 ; 0          ; 0    ; 0            ; |AlarmClock|alarm_clock_top_level:inst|alarm_clock:mainClock|hr_reg_U:hrRegU|reg4bit:register|reg_cell:reg4bit[3]|d_ff:ff          ; d_ff                  ; work         ;
;          |min_reg_T:minRegT|                 ; 21 (0)              ; 4 (0)                     ; 0                 ; 0          ; 0    ; 0            ; |AlarmClock|alarm_clock_top_level:inst|alarm_clock:mainClock|min_reg_T:minRegT                                                     ; min_reg_T             ; work         ;
;             |reg4bit:register|               ; 21 (0)              ; 4 (0)                     ; 0                 ; 0          ; 0    ; 0            ; |AlarmClock|alarm_clock_top_level:inst|alarm_clock:mainClock|min_reg_T:minRegT|reg4bit:register                                    ; reg4bit               ; work         ;
;                |reg_cell:reg4bit[0]|         ; 2 (1)               ; 1 (0)                     ; 0                 ; 0          ; 0    ; 0            ; |AlarmClock|alarm_clock_top_level:inst|alarm_clock:mainClock|min_reg_T:minRegT|reg4bit:register|reg_cell:reg4bit[0]                ; reg_cell              ; work         ;
;                   |d_ff:ff|                  ; 1 (1)               ; 1 (1)                     ; 0                 ; 0          ; 0    ; 0            ; |AlarmClock|alarm_clock_top_level:inst|alarm_clock:mainClock|min_reg_T:minRegT|reg4bit:register|reg_cell:reg4bit[0]|d_ff:ff        ; d_ff                  ; work         ;
;                |reg_cell:reg4bit[1]|         ; 5 (0)               ; 1 (0)                     ; 0                 ; 0          ; 0    ; 0            ; |AlarmClock|alarm_clock_top_level:inst|alarm_clock:mainClock|min_reg_T:minRegT|reg4bit:register|reg_cell:reg4bit[1]                ; reg_cell              ; work         ;
;                   |d_ff:ff|                  ; 5 (5)               ; 1 (1)                     ; 0                 ; 0          ; 0    ; 0            ; |AlarmClock|alarm_clock_top_level:inst|alarm_clock:mainClock|min_reg_T:minRegT|reg4bit:register|reg_cell:reg4bit[1]|d_ff:ff        ; d_ff                  ; work         ;
;                |reg_cell:reg4bit[2]|         ; 9 (0)               ; 1 (0)                     ; 0                 ; 0          ; 0    ; 0            ; |AlarmClock|alarm_clock_top_level:inst|alarm_clock:mainClock|min_reg_T:minRegT|reg4bit:register|reg_cell:reg4bit[2]                ; reg_cell              ; work         ;
;                   |d_ff:ff|                  ; 9 (9)               ; 1 (1)                     ; 0                 ; 0          ; 0    ; 0            ; |AlarmClock|alarm_clock_top_level:inst|alarm_clock:mainClock|min_reg_T:minRegT|reg4bit:register|reg_cell:reg4bit[2]|d_ff:ff        ; d_ff                  ; work         ;
;                |reg_cell:reg4bit[3]|         ; 5 (0)               ; 1 (0)                     ; 0                 ; 0          ; 0    ; 0            ; |AlarmClock|alarm_clock_top_level:inst|alarm_clock:mainClock|min_reg_T:minRegT|reg4bit:register|reg_cell:reg4bit[3]                ; reg_cell              ; work         ;
;                   |d_ff:ff|                  ; 5 (5)               ; 1 (1)                     ; 0                 ; 0          ; 0    ; 0            ; |AlarmClock|alarm_clock_top_level:inst|alarm_clock:mainClock|min_reg_T:minRegT|reg4bit:register|reg_cell:reg4bit[3]|d_ff:ff        ; d_ff                  ; work         ;
;          |min_reg_U:minRegU|                 ; 15 (1)              ; 4 (0)                     ; 0                 ; 0          ; 0    ; 0            ; |AlarmClock|alarm_clock_top_level:inst|alarm_clock:mainClock|min_reg_U:minRegU                                                     ; min_reg_U             ; work         ;
;             |reg4bit:register|               ; 14 (0)              ; 4 (0)                     ; 0                 ; 0          ; 0    ; 0            ; |AlarmClock|alarm_clock_top_level:inst|alarm_clock:mainClock|min_reg_U:minRegU|reg4bit:register                                    ; reg4bit               ; work         ;
;                |reg_cell:reg4bit[0]|         ; 3 (2)               ; 1 (0)                     ; 0                 ; 0          ; 0    ; 0            ; |AlarmClock|alarm_clock_top_level:inst|alarm_clock:mainClock|min_reg_U:minRegU|reg4bit:register|reg_cell:reg4bit[0]                ; reg_cell              ; work         ;
;                   |d_ff:ff|                  ; 1 (1)               ; 1 (1)                     ; 0                 ; 0          ; 0    ; 0            ; |AlarmClock|alarm_clock_top_level:inst|alarm_clock:mainClock|min_reg_U:minRegU|reg4bit:register|reg_cell:reg4bit[0]|d_ff:ff        ; d_ff                  ; work         ;
;                |reg_cell:reg4bit[1]|         ; 3 (2)               ; 1 (0)                     ; 0                 ; 0          ; 0    ; 0            ; |AlarmClock|alarm_clock_top_level:inst|alarm_clock:mainClock|min_reg_U:minRegU|reg4bit:register|reg_cell:reg4bit[1]                ; reg_cell              ; work         ;
;                   |d_ff:ff|                  ; 1 (1)               ; 1 (1)                     ; 0                 ; 0          ; 0    ; 0            ; |AlarmClock|alarm_clock_top_level:inst|alarm_clock:mainClock|min_reg_U:minRegU|reg4bit:register|reg_cell:reg4bit[1]|d_ff:ff        ; d_ff                  ; work         ;
;                |reg_cell:reg4bit[2]|         ; 5 (1)               ; 1 (0)                     ; 0                 ; 0          ; 0    ; 0            ; |AlarmClock|alarm_clock_top_level:inst|alarm_clock:mainClock|min_reg_U:minRegU|reg4bit:register|reg_cell:reg4bit[2]                ; reg_cell              ; work         ;
;                   |d_ff:ff|                  ; 4 (4)               ; 1 (1)                     ; 0                 ; 0          ; 0    ; 0            ; |AlarmClock|alarm_clock_top_level:inst|alarm_clock:mainClock|min_reg_U:minRegU|reg4bit:register|reg_cell:reg4bit[2]|d_ff:ff        ; d_ff                  ; work         ;
;                |reg_cell:reg4bit[3]|         ; 3 (1)               ; 1 (0)                     ; 0                 ; 0          ; 0    ; 0            ; |AlarmClock|alarm_clock_top_level:inst|alarm_clock:mainClock|min_reg_U:minRegU|reg4bit:register|reg_cell:reg4bit[3]                ; reg_cell              ; work         ;
;                   |d_ff:ff|                  ; 2 (2)               ; 1 (1)                     ; 0                 ; 0          ; 0    ; 0            ; |AlarmClock|alarm_clock_top_level:inst|alarm_clock:mainClock|min_reg_U:minRegU|reg4bit:register|reg_cell:reg4bit[3]|d_ff:ff        ; d_ff                  ; work         ;
;          |reg1bit:setTimeReg|                ; 0 (0)               ; 1 (0)                     ; 0                 ; 0          ; 0    ; 0            ; |AlarmClock|alarm_clock_top_level:inst|alarm_clock:mainClock|reg1bit:setTimeReg                                                    ; reg1bit               ; work         ;
;             |d_ff:idff|                      ; 0 (0)               ; 1 (1)                     ; 0                 ; 0          ; 0    ; 0            ; |AlarmClock|alarm_clock_top_level:inst|alarm_clock:mainClock|reg1bit:setTimeReg|d_ff:idff                                          ; d_ff                  ; work         ;
;          |reg6bit:iREG1|                     ; 0 (0)               ; 6 (0)                     ; 0                 ; 0          ; 0    ; 0            ; |AlarmClock|alarm_clock_top_level:inst|alarm_clock:mainClock|reg6bit:iREG1                                                         ; reg6bit               ; work         ;
;             |d_ff:iREG[0]|                   ; 0 (0)               ; 1 (1)                     ; 0                 ; 0          ; 0    ; 0            ; |AlarmClock|alarm_clock_top_level:inst|alarm_clock:mainClock|reg6bit:iREG1|d_ff:iREG[0]                                            ; d_ff                  ; work         ;
;             |d_ff:iREG[1]|                   ; 0 (0)               ; 1 (1)                     ; 0                 ; 0          ; 0    ; 0            ; |AlarmClock|alarm_clock_top_level:inst|alarm_clock:mainClock|reg6bit:iREG1|d_ff:iREG[1]                                            ; d_ff                  ; work         ;
;             |d_ff:iREG[2]|                   ; 0 (0)               ; 1 (1)                     ; 0                 ; 0          ; 0    ; 0            ; |AlarmClock|alarm_clock_top_level:inst|alarm_clock:mainClock|reg6bit:iREG1|d_ff:iREG[2]                                            ; d_ff                  ; work         ;
;             |d_ff:iREG[3]|                   ; 0 (0)               ; 1 (1)                     ; 0                 ; 0          ; 0    ; 0            ; |AlarmClock|alarm_clock_top_level:inst|alarm_clock:mainClock|reg6bit:iREG1|d_ff:iREG[3]                                            ; d_ff                  ; work         ;
;             |d_ff:iREG[4]|                   ; 0 (0)               ; 1 (1)                     ; 0                 ; 0          ; 0    ; 0            ; |AlarmClock|alarm_clock_top_level:inst|alarm_clock:mainClock|reg6bit:iREG1|d_ff:iREG[4]                                            ; d_ff                  ; work         ;
;             |d_ff:iREG[5]|                   ; 0 (0)               ; 1 (1)                     ; 0                 ; 0          ; 0    ; 0            ; |AlarmClock|alarm_clock_top_level:inst|alarm_clock:mainClock|reg6bit:iREG1|d_ff:iREG[5]                                            ; d_ff                  ; work         ;
;          |sec_counter:counter|               ; 59 (59)             ; 26 (0)                    ; 0                 ; 0          ; 0    ; 0            ; |AlarmClock|alarm_clock_top_level:inst|alarm_clock:mainClock|sec_counter:counter                                                   ; sec_counter           ; work         ;
;             |d_ff:count_reg[0]|              ; 0 (0)               ; 1 (1)                     ; 0                 ; 0          ; 0    ; 0            ; |AlarmClock|alarm_clock_top_level:inst|alarm_clock:mainClock|sec_counter:counter|d_ff:count_reg[0]                                 ; d_ff                  ; work         ;
;             |d_ff:count_reg[10]|             ; 0 (0)               ; 1 (1)                     ; 0                 ; 0          ; 0    ; 0            ; |AlarmClock|alarm_clock_top_level:inst|alarm_clock:mainClock|sec_counter:counter|d_ff:count_reg[10]                                ; d_ff                  ; work         ;
;             |d_ff:count_reg[11]|             ; 0 (0)               ; 1 (1)                     ; 0                 ; 0          ; 0    ; 0            ; |AlarmClock|alarm_clock_top_level:inst|alarm_clock:mainClock|sec_counter:counter|d_ff:count_reg[11]                                ; d_ff                  ; work         ;
;             |d_ff:count_reg[12]|             ; 0 (0)               ; 1 (1)                     ; 0                 ; 0          ; 0    ; 0            ; |AlarmClock|alarm_clock_top_level:inst|alarm_clock:mainClock|sec_counter:counter|d_ff:count_reg[12]                                ; d_ff                  ; work         ;
;             |d_ff:count_reg[13]|             ; 0 (0)               ; 1 (1)                     ; 0                 ; 0          ; 0    ; 0            ; |AlarmClock|alarm_clock_top_level:inst|alarm_clock:mainClock|sec_counter:counter|d_ff:count_reg[13]                                ; d_ff                  ; work         ;
;             |d_ff:count_reg[14]|             ; 0 (0)               ; 1 (1)                     ; 0                 ; 0          ; 0    ; 0            ; |AlarmClock|alarm_clock_top_level:inst|alarm_clock:mainClock|sec_counter:counter|d_ff:count_reg[14]                                ; d_ff                  ; work         ;
;             |d_ff:count_reg[15]|             ; 0 (0)               ; 1 (1)                     ; 0                 ; 0          ; 0    ; 0            ; |AlarmClock|alarm_clock_top_level:inst|alarm_clock:mainClock|sec_counter:counter|d_ff:count_reg[15]                                ; d_ff                  ; work         ;
;             |d_ff:count_reg[16]|             ; 0 (0)               ; 1 (1)                     ; 0                 ; 0          ; 0    ; 0            ; |AlarmClock|alarm_clock_top_level:inst|alarm_clock:mainClock|sec_counter:counter|d_ff:count_reg[16]                                ; d_ff                  ; work         ;
;             |d_ff:count_reg[17]|             ; 0 (0)               ; 1 (1)                     ; 0                 ; 0          ; 0    ; 0            ; |AlarmClock|alarm_clock_top_level:inst|alarm_clock:mainClock|sec_counter:counter|d_ff:count_reg[17]                                ; d_ff                  ; work         ;
;             |d_ff:count_reg[18]|             ; 0 (0)               ; 1 (1)                     ; 0                 ; 0          ; 0    ; 0            ; |AlarmClock|alarm_clock_top_level:inst|alarm_clock:mainClock|sec_counter:counter|d_ff:count_reg[18]                                ; d_ff                  ; work         ;
;             |d_ff:count_reg[19]|             ; 0 (0)               ; 1 (1)                     ; 0                 ; 0          ; 0    ; 0            ; |AlarmClock|alarm_clock_top_level:inst|alarm_clock:mainClock|sec_counter:counter|d_ff:count_reg[19]                                ; d_ff                  ; work         ;
;             |d_ff:count_reg[1]|              ; 0 (0)               ; 1 (1)                     ; 0                 ; 0          ; 0    ; 0            ; |AlarmClock|alarm_clock_top_level:inst|alarm_clock:mainClock|sec_counter:counter|d_ff:count_reg[1]                                 ; d_ff                  ; work         ;
;             |d_ff:count_reg[20]|             ; 0 (0)               ; 1 (1)                     ; 0                 ; 0          ; 0    ; 0            ; |AlarmClock|alarm_clock_top_level:inst|alarm_clock:mainClock|sec_counter:counter|d_ff:count_reg[20]                                ; d_ff                  ; work         ;
;             |d_ff:count_reg[21]|             ; 0 (0)               ; 1 (1)                     ; 0                 ; 0          ; 0    ; 0            ; |AlarmClock|alarm_clock_top_level:inst|alarm_clock:mainClock|sec_counter:counter|d_ff:count_reg[21]                                ; d_ff                  ; work         ;
;             |d_ff:count_reg[22]|             ; 0 (0)               ; 1 (1)                     ; 0                 ; 0          ; 0    ; 0            ; |AlarmClock|alarm_clock_top_level:inst|alarm_clock:mainClock|sec_counter:counter|d_ff:count_reg[22]                                ; d_ff                  ; work         ;
;             |d_ff:count_reg[23]|             ; 0 (0)               ; 1 (1)                     ; 0                 ; 0          ; 0    ; 0            ; |AlarmClock|alarm_clock_top_level:inst|alarm_clock:mainClock|sec_counter:counter|d_ff:count_reg[23]                                ; d_ff                  ; work         ;
;             |d_ff:count_reg[24]|             ; 0 (0)               ; 1 (1)                     ; 0                 ; 0          ; 0    ; 0            ; |AlarmClock|alarm_clock_top_level:inst|alarm_clock:mainClock|sec_counter:counter|d_ff:count_reg[24]                                ; d_ff                  ; work         ;
;             |d_ff:count_reg[25]|             ; 0 (0)               ; 1 (1)                     ; 0                 ; 0          ; 0    ; 0            ; |AlarmClock|alarm_clock_top_level:inst|alarm_clock:mainClock|sec_counter:counter|d_ff:count_reg[25]                                ; d_ff                  ; work         ;
;             |d_ff:count_reg[2]|              ; 0 (0)               ; 1 (1)                     ; 0                 ; 0          ; 0    ; 0            ; |AlarmClock|alarm_clock_top_level:inst|alarm_clock:mainClock|sec_counter:counter|d_ff:count_reg[2]                                 ; d_ff                  ; work         ;
;             |d_ff:count_reg[3]|              ; 0 (0)               ; 1 (1)                     ; 0                 ; 0          ; 0    ; 0            ; |AlarmClock|alarm_clock_top_level:inst|alarm_clock:mainClock|sec_counter:counter|d_ff:count_reg[3]                                 ; d_ff                  ; work         ;
;             |d_ff:count_reg[4]|              ; 0 (0)               ; 1 (1)                     ; 0                 ; 0          ; 0    ; 0            ; |AlarmClock|alarm_clock_top_level:inst|alarm_clock:mainClock|sec_counter:counter|d_ff:count_reg[4]                                 ; d_ff                  ; work         ;
;             |d_ff:count_reg[5]|              ; 0 (0)               ; 1 (1)                     ; 0                 ; 0          ; 0    ; 0            ; |AlarmClock|alarm_clock_top_level:inst|alarm_clock:mainClock|sec_counter:counter|d_ff:count_reg[5]                                 ; d_ff                  ; work         ;
;             |d_ff:count_reg[6]|              ; 0 (0)               ; 1 (1)                     ; 0                 ; 0          ; 0    ; 0            ; |AlarmClock|alarm_clock_top_level:inst|alarm_clock:mainClock|sec_counter:counter|d_ff:count_reg[6]                                 ; d_ff                  ; work         ;
;             |d_ff:count_reg[7]|              ; 0 (0)               ; 1 (1)                     ; 0                 ; 0          ; 0    ; 0            ; |AlarmClock|alarm_clock_top_level:inst|alarm_clock:mainClock|sec_counter:counter|d_ff:count_reg[7]                                 ; d_ff                  ; work         ;
;             |d_ff:count_reg[8]|              ; 0 (0)               ; 1 (1)                     ; 0                 ; 0          ; 0    ; 0            ; |AlarmClock|alarm_clock_top_level:inst|alarm_clock:mainClock|sec_counter:counter|d_ff:count_reg[8]                                 ; d_ff                  ; work         ;
;             |d_ff:count_reg[9]|              ; 0 (0)               ; 1 (1)                     ; 0                 ; 0          ; 0    ; 0            ; |AlarmClock|alarm_clock_top_level:inst|alarm_clock:mainClock|sec_counter:counter|d_ff:count_reg[9]                                 ; d_ff                  ; work         ;
;          |sec_reg_T:secRegT|                 ; 9 (0)               ; 4 (0)                     ; 0                 ; 0          ; 0    ; 0            ; |AlarmClock|alarm_clock_top_level:inst|alarm_clock:mainClock|sec_reg_T:secRegT                                                     ; sec_reg_T             ; work         ;
;             |reg4bit:register|               ; 9 (0)               ; 4 (0)                     ; 0                 ; 0          ; 0    ; 0            ; |AlarmClock|alarm_clock_top_level:inst|alarm_clock:mainClock|sec_reg_T:secRegT|reg4bit:register                                    ; reg4bit               ; work         ;
;                |reg_cell:reg4bit[0]|         ; 3 (3)               ; 1 (0)                     ; 0                 ; 0          ; 0    ; 0            ; |AlarmClock|alarm_clock_top_level:inst|alarm_clock:mainClock|sec_reg_T:secRegT|reg4bit:register|reg_cell:reg4bit[0]                ; reg_cell              ; work         ;
;                   |d_ff:ff|                  ; 0 (0)               ; 1 (1)                     ; 0                 ; 0          ; 0    ; 0            ; |AlarmClock|alarm_clock_top_level:inst|alarm_clock:mainClock|sec_reg_T:secRegT|reg4bit:register|reg_cell:reg4bit[0]|d_ff:ff        ; d_ff                  ; work         ;
;                |reg_cell:reg4bit[1]|         ; 2 (1)               ; 1 (0)                     ; 0                 ; 0          ; 0    ; 0            ; |AlarmClock|alarm_clock_top_level:inst|alarm_clock:mainClock|sec_reg_T:secRegT|reg4bit:register|reg_cell:reg4bit[1]                ; reg_cell              ; work         ;
;                   |d_ff:ff|                  ; 1 (1)               ; 1 (1)                     ; 0                 ; 0          ; 0    ; 0            ; |AlarmClock|alarm_clock_top_level:inst|alarm_clock:mainClock|sec_reg_T:secRegT|reg4bit:register|reg_cell:reg4bit[1]|d_ff:ff        ; d_ff                  ; work         ;
;                |reg_cell:reg4bit[2]|         ; 3 (1)               ; 1 (0)                     ; 0                 ; 0          ; 0    ; 0            ; |AlarmClock|alarm_clock_top_level:inst|alarm_clock:mainClock|sec_reg_T:secRegT|reg4bit:register|reg_cell:reg4bit[2]                ; reg_cell              ; work         ;
;                   |d_ff:ff|                  ; 2 (2)               ; 1 (1)                     ; 0                 ; 0          ; 0    ; 0            ; |AlarmClock|alarm_clock_top_level:inst|alarm_clock:mainClock|sec_reg_T:secRegT|reg4bit:register|reg_cell:reg4bit[2]|d_ff:ff        ; d_ff                  ; work         ;
;                |reg_cell:reg4bit[3]|         ; 1 (1)               ; 1 (0)                     ; 0                 ; 0          ; 0    ; 0            ; |AlarmClock|alarm_clock_top_level:inst|alarm_clock:mainClock|sec_reg_T:secRegT|reg4bit:register|reg_cell:reg4bit[3]                ; reg_cell              ; work         ;
;                   |d_ff:ff|                  ; 0 (0)               ; 1 (1)                     ; 0                 ; 0          ; 0    ; 0            ; |AlarmClock|alarm_clock_top_level:inst|alarm_clock:mainClock|sec_reg_T:secRegT|reg4bit:register|reg_cell:reg4bit[3]|d_ff:ff        ; d_ff                  ; work         ;
;          |sec_reg_U:secRegU|                 ; 8 (0)               ; 4 (0)                     ; 0                 ; 0          ; 0    ; 0            ; |AlarmClock|alarm_clock_top_level:inst|alarm_clock:mainClock|sec_reg_U:secRegU                                                     ; sec_reg_U             ; work         ;
;             |reg4bit:register|               ; 8 (0)               ; 4 (0)                     ; 0                 ; 0          ; 0    ; 0            ; |AlarmClock|alarm_clock_top_level:inst|alarm_clock:mainClock|sec_reg_U:secRegU|reg4bit:register                                    ; reg4bit               ; work         ;
;                |reg_cell:reg4bit[0]|         ; 2 (2)               ; 1 (0)                     ; 0                 ; 0          ; 0    ; 0            ; |AlarmClock|alarm_clock_top_level:inst|alarm_clock:mainClock|sec_reg_U:secRegU|reg4bit:register|reg_cell:reg4bit[0]                ; reg_cell              ; work         ;
;                   |d_ff:ff|                  ; 0 (0)               ; 1 (1)                     ; 0                 ; 0          ; 0    ; 0            ; |AlarmClock|alarm_clock_top_level:inst|alarm_clock:mainClock|sec_reg_U:secRegU|reg4bit:register|reg_cell:reg4bit[0]|d_ff:ff        ; d_ff                  ; work         ;
;                |reg_cell:reg4bit[1]|         ; 4 (2)               ; 1 (0)                     ; 0                 ; 0          ; 0    ; 0            ; |AlarmClock|alarm_clock_top_level:inst|alarm_clock:mainClock|sec_reg_U:secRegU|reg4bit:register|reg_cell:reg4bit[1]                ; reg_cell              ; work         ;
;                   |d_ff:ff|                  ; 2 (2)               ; 1 (1)                     ; 0                 ; 0          ; 0    ; 0            ; |AlarmClock|alarm_clock_top_level:inst|alarm_clock:mainClock|sec_reg_U:secRegU|reg4bit:register|reg_cell:reg4bit[1]|d_ff:ff        ; d_ff                  ; work         ;
;                |reg_cell:reg4bit[2]|         ; 1 (1)               ; 1 (0)                     ; 0                 ; 0          ; 0    ; 0            ; |AlarmClock|alarm_clock_top_level:inst|alarm_clock:mainClock|sec_reg_U:secRegU|reg4bit:register|reg_cell:reg4bit[2]                ; reg_cell              ; work         ;
;                   |d_ff:ff|                  ; 0 (0)               ; 1 (1)                     ; 0                 ; 0          ; 0    ; 0            ; |AlarmClock|alarm_clock_top_level:inst|alarm_clock:mainClock|sec_reg_U:secRegU|reg4bit:register|reg_cell:reg4bit[2]|d_ff:ff        ; d_ff                  ; work         ;
;                |reg_cell:reg4bit[3]|         ; 1 (1)               ; 1 (0)                     ; 0                 ; 0          ; 0    ; 0            ; |AlarmClock|alarm_clock_top_level:inst|alarm_clock:mainClock|sec_reg_U:secRegU|reg4bit:register|reg_cell:reg4bit[3]                ; reg_cell              ; work         ;
;                   |d_ff:ff|                  ; 0 (0)               ; 1 (1)                     ; 0                 ; 0          ; 0    ; 0            ; |AlarmClock|alarm_clock_top_level:inst|alarm_clock:mainClock|sec_reg_U:secRegU|reg4bit:register|reg_cell:reg4bit[3]|d_ff:ff        ; d_ff                  ; work         ;
;       |alarm_control:alarmDevice|            ; 22 (22)             ; 22 (22)                   ; 0                 ; 0          ; 0    ; 0            ; |AlarmClock|alarm_clock_top_level:inst|alarm_control:alarmDevice                                                                   ; alarm_control         ; work         ;
;       |bcd7seg_en:hrTDec|                    ; 7 (7)               ; 0 (0)                     ; 0                 ; 0          ; 0    ; 0            ; |AlarmClock|alarm_clock_top_level:inst|bcd7seg_en:hrTDec                                                                           ; bcd7seg_en            ; work         ;
;       |bcd7seg_en:hrUDec|                    ; 7 (7)               ; 0 (0)                     ; 0                 ; 0          ; 0    ; 0            ; |AlarmClock|alarm_clock_top_level:inst|bcd7seg_en:hrUDec                                                                           ; bcd7seg_en            ; work         ;
;       |bcd7seg_en:minTDec|                   ; 7 (7)               ; 0 (0)                     ; 0                 ; 0          ; 0    ; 0            ; |AlarmClock|alarm_clock_top_level:inst|bcd7seg_en:minTDec                                                                          ; bcd7seg_en            ; work         ;
;       |bcd7seg_en:minUDec|                   ; 7 (7)               ; 0 (0)                     ; 0                 ; 0          ; 0    ; 0            ; |AlarmClock|alarm_clock_top_level:inst|bcd7seg_en:minUDec                                                                          ; bcd7seg_en            ; work         ;
;       |bcd7seg_en:secTDec|                   ; 14 (8)              ; 0 (0)                     ; 0                 ; 0          ; 0    ; 0            ; |AlarmClock|alarm_clock_top_level:inst|bcd7seg_en:secTDec                                                                          ; bcd7seg_en            ; work         ;
;          |bcd7seg:mySeg|                     ; 6 (0)               ; 0 (0)                     ; 0                 ; 0          ; 0    ; 0            ; |AlarmClock|alarm_clock_top_level:inst|bcd7seg_en:secTDec|bcd7seg:mySeg                                                            ; bcd7seg               ; work         ;
;             |segAdec:iA|                     ; 1 (1)               ; 0 (0)                     ; 0                 ; 0          ; 0    ; 0            ; |AlarmClock|alarm_clock_top_level:inst|bcd7seg_en:secTDec|bcd7seg:mySeg|segAdec:iA                                                 ; segAdec               ; work         ;
;             |segBdec:iB|                     ; 1 (1)               ; 0 (0)                     ; 0                 ; 0          ; 0    ; 0            ; |AlarmClock|alarm_clock_top_level:inst|bcd7seg_en:secTDec|bcd7seg:mySeg|segBdec:iB                                                 ; segBdec               ; work         ;
;             |segCdec:iC|                     ; 1 (1)               ; 0 (0)                     ; 0                 ; 0          ; 0    ; 0            ; |AlarmClock|alarm_clock_top_level:inst|bcd7seg_en:secTDec|bcd7seg:mySeg|segCdec:iC                                                 ; segCdec               ; work         ;
;             |segDdec:iD|                     ; 1 (1)               ; 0 (0)                     ; 0                 ; 0          ; 0    ; 0            ; |AlarmClock|alarm_clock_top_level:inst|bcd7seg_en:secTDec|bcd7seg:mySeg|segDdec:iD                                                 ; segDdec               ; work         ;
;             |segEdec:iE|                     ; 1 (1)               ; 0 (0)                     ; 0                 ; 0          ; 0    ; 0            ; |AlarmClock|alarm_clock_top_level:inst|bcd7seg_en:secTDec|bcd7seg:mySeg|segEdec:iE                                                 ; segEdec               ; work         ;
;             |segFdec:iF|                     ; 1 (1)               ; 0 (0)                     ; 0                 ; 0          ; 0    ; 0            ; |AlarmClock|alarm_clock_top_level:inst|bcd7seg_en:secTDec|bcd7seg:mySeg|segFdec:iF                                                 ; segFdec               ; work         ;
;       |bcd7seg_en:secUDec|                   ; 14 (8)              ; 0 (0)                     ; 0                 ; 0          ; 0    ; 0            ; |AlarmClock|alarm_clock_top_level:inst|bcd7seg_en:secUDec                                                                          ; bcd7seg_en            ; work         ;
;          |bcd7seg:mySeg|                     ; 6 (0)               ; 0 (0)                     ; 0                 ; 0          ; 0    ; 0            ; |AlarmClock|alarm_clock_top_level:inst|bcd7seg_en:secUDec|bcd7seg:mySeg                                                            ; bcd7seg               ; work         ;
;             |segAdec:iA|                     ; 1 (1)               ; 0 (0)                     ; 0                 ; 0          ; 0    ; 0            ; |AlarmClock|alarm_clock_top_level:inst|bcd7seg_en:secUDec|bcd7seg:mySeg|segAdec:iA                                                 ; segAdec               ; work         ;
;             |segBdec:iB|                     ; 1 (1)               ; 0 (0)                     ; 0                 ; 0          ; 0    ; 0            ; |AlarmClock|alarm_clock_top_level:inst|bcd7seg_en:secUDec|bcd7seg:mySeg|segBdec:iB                                                 ; segBdec               ; work         ;
;             |segCdec:iC|                     ; 1 (1)               ; 0 (0)                     ; 0                 ; 0          ; 0    ; 0            ; |AlarmClock|alarm_clock_top_level:inst|bcd7seg_en:secUDec|bcd7seg:mySeg|segCdec:iC                                                 ; segCdec               ; work         ;
;             |segDdec:iD|                     ; 1 (1)               ; 0 (0)                     ; 0                 ; 0          ; 0    ; 0            ; |AlarmClock|alarm_clock_top_level:inst|bcd7seg_en:secUDec|bcd7seg:mySeg|segDdec:iD                                                 ; segDdec               ; work         ;
;             |segEdec:iE|                     ; 1 (1)               ; 0 (0)                     ; 0                 ; 0          ; 0    ; 0            ; |AlarmClock|alarm_clock_top_level:inst|bcd7seg_en:secUDec|bcd7seg:mySeg|segEdec:iE                                                 ; segEdec               ; work         ;
;             |segFdec:iF|                     ; 1 (1)               ; 0 (0)                     ; 0                 ; 0          ; 0    ; 0            ; |AlarmClock|alarm_clock_top_level:inst|bcd7seg_en:secUDec|bcd7seg:mySeg|segFdec:iF                                                 ; segFdec               ; work         ;
+----------------------------------------------+---------------------+---------------------------+-------------------+------------+------+--------------+------------------------------------------------------------------------------------------------------------------------------------+-----------------------+--------------+
Note: For table entries with two numbers listed, the numbers in parentheses indicate the number of resources of the given type used by the specific entity alone. The numbers listed outside of parentheses indicate the total resources of the given type used by the specific entity and all of its sub-entities in the hierarchy.


+---------------------------------------------------------------------------------------------------------+
; Analysis & Synthesis IP Cores Summary                                                                   ;
+--------+--------------+---------+--------------+--------------+-----------------------+-----------------+
; Vendor ; IP Core Name ; Version ; Release Date ; License Type ; Entity Instance       ; IP Include File ;
+--------+--------------+---------+--------------+--------------+-----------------------+-----------------+
; Altera ; ALTPLL       ; 25.1    ; N/A          ; N/A          ; |AlarmClock|PLL:inst4 ; PLL.v           ;
+--------+--------------+---------+--------------+--------------+-----------------------+-----------------+


+-----------------------------------------------------------------------------------------------------------------------------------------------------------------------------------------------------------------------------------------+
; Registers Removed During Synthesis                                                                                                                                                                                                      ;
+----------------------------------------------------------------------------------------------------------------+------------------------------------------------------------------------------------------------------------------------+
; Register name                                                                                                  ; Reason for Removal                                                                                                     ;
+----------------------------------------------------------------------------------------------------------------+------------------------------------------------------------------------------------------------------------------------+
; alarm_clock_top_level:inst|alarm_clock:mainClock|debouncer:switch_select_debouncer|clock_enable:u1|counter[25] ; Merged with alarm_clock_top_level:inst|alarm_clock:mainClock|debouncer:increment_debouncer|clock_enable:u1|counter[25] ;
; alarm_clock_top_level:inst|alarm_clock:mainClock|debouncer:switch_select_debouncer|clock_enable:u1|counter[26] ; Merged with alarm_clock_top_level:inst|alarm_clock:mainClock|debouncer:increment_debouncer|clock_enable:u1|counter[26] ;
; alarm_clock_top_level:inst|alarm_clock:mainClock|debouncer:switch_select_debouncer|clock_enable:u1|counter[24] ; Merged with alarm_clock_top_level:inst|alarm_clock:mainClock|debouncer:increment_debouncer|clock_enable:u1|counter[24] ;
; alarm_clock_top_level:inst|alarm_clock:mainClock|debouncer:switch_select_debouncer|clock_enable:u1|counter[23] ; Merged with alarm_clock_top_level:inst|alarm_clock:mainClock|debouncer:increment_debouncer|clock_enable:u1|counter[23] ;
; alarm_clock_top_level:inst|alarm_clock:mainClock|debouncer:switch_select_debouncer|clock_enable:u1|counter[22] ; Merged with alarm_clock_top_level:inst|alarm_clock:mainClock|debouncer:increment_debouncer|clock_enable:u1|counter[22] ;
; alarm_clock_top_level:inst|alarm_clock:mainClock|debouncer:switch_select_debouncer|clock_enable:u1|counter[21] ; Merged with alarm_clock_top_level:inst|alarm_clock:mainClock|debouncer:increment_debouncer|clock_enable:u1|counter[21] ;
; alarm_clock_top_level:inst|alarm_clock:mainClock|debouncer:switch_select_debouncer|clock_enable:u1|counter[20] ; Merged with alarm_clock_top_level:inst|alarm_clock:mainClock|debouncer:increment_debouncer|clock_enable:u1|counter[20] ;
; alarm_clock_top_level:inst|alarm_clock:mainClock|debouncer:switch_select_debouncer|clock_enable:u1|counter[19] ; Merged with alarm_clock_top_level:inst|alarm_clock:mainClock|debouncer:increment_debouncer|clock_enable:u1|counter[19] ;
; alarm_clock_top_level:inst|alarm_clock:mainClock|debouncer:switch_select_debouncer|clock_enable:u1|counter[18] ; Merged with alarm_clock_top_level:inst|alarm_clock:mainClock|debouncer:increment_debouncer|clock_enable:u1|counter[18] ;
; alarm_clock_top_level:inst|alarm_clock:mainClock|debouncer:switch_select_debouncer|clock_enable:u1|counter[17] ; Merged with alarm_clock_top_level:inst|alarm_clock:mainClock|debouncer:increment_debouncer|clock_enable:u1|counter[17] ;
; alarm_clock_top_level:inst|alarm_clock:mainClock|debouncer:switch_select_debouncer|clock_enable:u1|counter[12] ; Merged with alarm_clock_top_level:inst|alarm_clock:mainClock|debouncer:increment_debouncer|clock_enable:u1|counter[12] ;
; alarm_clock_top_level:inst|alarm_clock:mainClock|debouncer:switch_select_debouncer|clock_enable:u1|counter[10] ; Merged with alarm_clock_top_level:inst|alarm_clock:mainClock|debouncer:increment_debouncer|clock_enable:u1|counter[10] ;
; alarm_clock_top_level:inst|alarm_clock:mainClock|debouncer:switch_select_debouncer|clock_enable:u1|counter[9]  ; Merged with alarm_clock_top_level:inst|alarm_clock:mainClock|debouncer:increment_debouncer|clock_enable:u1|counter[9]  ;
; alarm_clock_top_level:inst|alarm_clock:mainClock|debouncer:switch_select_debouncer|clock_enable:u1|counter[8]  ; Merged with alarm_clock_top_level:inst|alarm_clock:mainClock|debouncer:increment_debouncer|clock_enable:u1|counter[8]  ;
; alarm_clock_top_level:inst|alarm_clock:mainClock|debouncer:switch_select_debouncer|clock_enable:u1|counter[7]  ; Merged with alarm_clock_top_level:inst|alarm_clock:mainClock|debouncer:increment_debouncer|clock_enable:u1|counter[7]  ;
; alarm_clock_top_level:inst|alarm_clock:mainClock|debouncer:switch_select_debouncer|clock_enable:u1|counter[5]  ; Merged with alarm_clock_top_level:inst|alarm_clock:mainClock|debouncer:increment_debouncer|clock_enable:u1|counter[5]  ;
; alarm_clock_top_level:inst|alarm_clock:mainClock|debouncer:switch_select_debouncer|clock_enable:u1|counter[4]  ; Merged with alarm_clock_top_level:inst|alarm_clock:mainClock|debouncer:increment_debouncer|clock_enable:u1|counter[4]  ;
; alarm_clock_top_level:inst|alarm_clock:mainClock|debouncer:switch_select_debouncer|clock_enable:u1|counter[3]  ; Merged with alarm_clock_top_level:inst|alarm_clock:mainClock|debouncer:increment_debouncer|clock_enable:u1|counter[3]  ;
; alarm_clock_top_level:inst|alarm_clock:mainClock|debouncer:switch_select_debouncer|clock_enable:u1|counter[16] ; Merged with alarm_clock_top_level:inst|alarm_clock:mainClock|debouncer:increment_debouncer|clock_enable:u1|counter[16] ;
; alarm_clock_top_level:inst|alarm_clock:mainClock|debouncer:switch_select_debouncer|clock_enable:u1|counter[15] ; Merged with alarm_clock_top_level:inst|alarm_clock:mainClock|debouncer:increment_debouncer|clock_enable:u1|counter[15] ;
; alarm_clock_top_level:inst|alarm_clock:mainClock|debouncer:switch_select_debouncer|clock_enable:u1|counter[14] ; Merged with alarm_clock_top_level:inst|alarm_clock:mainClock|debouncer:increment_debouncer|clock_enable:u1|counter[14] ;
; alarm_clock_top_level:inst|alarm_clock:mainClock|debouncer:switch_select_debouncer|clock_enable:u1|counter[13] ; Merged with alarm_clock_top_level:inst|alarm_clock:mainClock|debouncer:increment_debouncer|clock_enable:u1|counter[13] ;
; alarm_clock_top_level:inst|alarm_clock:mainClock|debouncer:switch_select_debouncer|clock_enable:u1|counter[11] ; Merged with alarm_clock_top_level:inst|alarm_clock:mainClock|debouncer:increment_debouncer|clock_enable:u1|counter[11] ;
; alarm_clock_top_level:inst|alarm_clock:mainClock|debouncer:switch_select_debouncer|clock_enable:u1|counter[6]  ; Merged with alarm_clock_top_level:inst|alarm_clock:mainClock|debouncer:increment_debouncer|clock_enable:u1|counter[6]  ;
; alarm_clock_top_level:inst|alarm_clock:mainClock|debouncer:switch_select_debouncer|clock_enable:u1|counter[2]  ; Merged with alarm_clock_top_level:inst|alarm_clock:mainClock|debouncer:increment_debouncer|clock_enable:u1|counter[2]  ;
; alarm_clock_top_level:inst|alarm_clock:mainClock|debouncer:switch_select_debouncer|clock_enable:u1|counter[1]  ; Merged with alarm_clock_top_level:inst|alarm_clock:mainClock|debouncer:increment_debouncer|clock_enable:u1|counter[1]  ;
; alarm_clock_top_level:inst|alarm_clock:mainClock|debouncer:switch_select_debouncer|clock_enable:u1|counter[0]  ; Merged with alarm_clock_top_level:inst|alarm_clock:mainClock|debouncer:increment_debouncer|clock_enable:u1|counter[0]  ;
; Total Number of Removed Registers = 27                                                                         ;                                                                                                                        ;
+----------------------------------------------------------------------------------------------------------------+------------------------------------------------------------------------------------------------------------------------+


+------------------------------------------------------+
; General Register Statistics                          ;
+----------------------------------------------+-------+
; Statistic                                    ; Value ;
+----------------------------------------------+-------+
; Total registers                              ; 137   ;
; Number of registers using Synchronous Clear  ; 52    ;
; Number of registers using Synchronous Load   ; 45    ;
; Number of registers using Asynchronous Clear ; 29    ;
; Number of registers using Asynchronous Load  ; 0     ;
; Number of registers using Clock Enable       ; 41    ;
; Number of registers using Preset             ; 0     ;
+----------------------------------------------+-------+


+-----------------------------------------------------------------------------------------------------------------------------+
; Inverted Register Statistics                                                                                                ;
+-------------------------------------------------------------------------------------------------------------------+---------+
; Inverted Register                                                                                                 ; Fan out ;
+-------------------------------------------------------------------------------------------------------------------+---------+
; alarm_clock_top_level:inst|alarm_clock:mainClock|min_reg_T:minRegT|reg4bit:register|reg_cell:reg4bit[0]|d_ff:ff|Q ; 9       ;
; alarm_clock_top_level:inst|alarm_clock:mainClock|sec_reg_T:secRegT|reg4bit:register|reg_cell:reg4bit[0]|d_ff:ff|Q ; 16      ;
; alarm_clock_top_level:inst|alarm_clock:mainClock|sec_reg_U:secRegU|reg4bit:register|reg_cell:reg4bit[0]|d_ff:ff|Q ; 16      ;
; alarm_clock_top_level:inst|alarm_clock:mainClock|sec_counter:counter|d_ff:count_reg[18]|Q                         ; 2       ;
; alarm_clock_top_level:inst|alarm_clock:mainClock|sec_counter:counter|d_ff:count_reg[4]|Q                          ; 2       ;
; alarm_clock_top_level:inst|alarm_clock:mainClock|sec_counter:counter|d_ff:count_reg[22]|Q                         ; 2       ;
; alarm_clock_top_level:inst|alarm_clock:mainClock|sec_counter:counter|d_ff:count_reg[7]|Q                          ; 2       ;
; alarm_clock_top_level:inst|alarm_clock:mainClock|sec_counter:counter|d_ff:count_reg[20]|Q                         ; 2       ;
; alarm_clock_top_level:inst|alarm_clock:mainClock|sec_counter:counter|d_ff:count_reg[6]|Q                          ; 2       ;
; alarm_clock_top_level:inst|alarm_clock:mainClock|sec_counter:counter|d_ff:count_reg[19]|Q                         ; 2       ;
; alarm_clock_top_level:inst|alarm_clock:mainClock|sec_counter:counter|d_ff:count_reg[5]|Q                          ; 2       ;
; alarm_clock_top_level:inst|alarm_clock:mainClock|sec_counter:counter|d_ff:count_reg[21]|Q                         ; 2       ;
; alarm_clock_top_level:inst|alarm_clock:mainClock|sec_counter:counter|d_ff:count_reg[9]|Q                          ; 2       ;
; alarm_clock_top_level:inst|alarm_clock:mainClock|sec_counter:counter|d_ff:count_reg[25]|Q                         ; 2       ;
; alarm_clock_top_level:inst|alarm_clock:mainClock|sec_counter:counter|d_ff:count_reg[8]|Q                          ; 2       ;
; alarm_clock_top_level:inst|alarm_clock:mainClock|sec_counter:counter|d_ff:count_reg[24]|Q                         ; 2       ;
; alarm_clock_top_level:inst|alarm_clock:mainClock|sec_counter:counter|d_ff:count_reg[23]|Q                         ; 2       ;
; alarm_clock_top_level:inst|alarm_clock:mainClock|sec_counter:counter|d_ff:count_reg[17]|Q                         ; 2       ;
; alarm_clock_top_level:inst|alarm_clock:mainClock|sec_counter:counter|d_ff:count_reg[3]|Q                          ; 2       ;
; alarm_clock_top_level:inst|alarm_clock:mainClock|sec_counter:counter|d_ff:count_reg[16]|Q                         ; 2       ;
; alarm_clock_top_level:inst|alarm_clock:mainClock|sec_counter:counter|d_ff:count_reg[2]|Q                          ; 2       ;
; alarm_clock_top_level:inst|alarm_clock:mainClock|sec_counter:counter|d_ff:count_reg[15]|Q                         ; 2       ;
; alarm_clock_top_level:inst|alarm_clock:mainClock|sec_counter:counter|d_ff:count_reg[14]|Q                         ; 2       ;
; alarm_clock_top_level:inst|alarm_clock:mainClock|sec_counter:counter|d_ff:count_reg[13]|Q                         ; 2       ;
; alarm_clock_top_level:inst|alarm_clock:mainClock|sec_counter:counter|d_ff:count_reg[12]|Q                         ; 2       ;
; alarm_clock_top_level:inst|alarm_clock:mainClock|sec_counter:counter|d_ff:count_reg[0]|Q                          ; 2       ;
; alarm_clock_top_level:inst|alarm_clock:mainClock|sec_counter:counter|d_ff:count_reg[11]|Q                         ; 2       ;
; alarm_clock_top_level:inst|alarm_clock:mainClock|sec_counter:counter|d_ff:count_reg[10]|Q                         ; 2       ;
; alarm_clock_top_level:inst|alarm_clock:mainClock|sec_counter:counter|d_ff:count_reg[1]|Q                          ; 2       ;
; alarm_clock_top_level:inst|alarm_clock:mainClock|hr_reg_T:hrRegT|reg4bit:register|reg_cell:reg4bit[3]|d_ff:ff|Q   ; 7       ;
; alarm_clock_top_level:inst|alarm_clock:mainClock|hr_reg_T:hrRegT|reg4bit:register|reg_cell:reg4bit[2]|d_ff:ff|Q   ; 8       ;
; alarm_clock_top_level:inst|alarm_clock:mainClock|hr_reg_T:hrRegT|reg4bit:register|reg_cell:reg4bit[1]|d_ff:ff|Q   ; 10      ;
; alarm_clock_top_level:inst|alarm_clock:mainClock|hr_reg_T:hrRegT|reg4bit:register|reg_cell:reg4bit[0]|d_ff:ff|Q   ; 12      ;
; alarm_clock_top_level:inst|alarm_clock:mainClock|hr_reg_U:hrRegU|reg4bit:register|reg_cell:reg4bit[3]|d_ff:ff|Q   ; 9       ;
; alarm_clock_top_level:inst|alarm_clock:mainClock|hr_reg_U:hrRegU|reg4bit:register|reg_cell:reg4bit[1]|d_ff:ff|Q   ; 9       ;
; alarm_clock_top_level:inst|alarm_clock:mainClock|hr_reg_U:hrRegU|reg4bit:register|reg_cell:reg4bit[2]|d_ff:ff|Q   ; 9       ;
; alarm_clock_top_level:inst|alarm_clock:mainClock|hr_reg_U:hrRegU|reg4bit:register|reg_cell:reg4bit[0]|d_ff:ff|Q   ; 9       ;
; alarm_clock_top_level:inst|alarm_clock:mainClock|min_reg_T:minRegT|reg4bit:register|reg_cell:reg4bit[3]|d_ff:ff|Q ; 6       ;
; alarm_clock_top_level:inst|alarm_clock:mainClock|min_reg_T:minRegT|reg4bit:register|reg_cell:reg4bit[1]|d_ff:ff|Q ; 8       ;
; alarm_clock_top_level:inst|alarm_clock:mainClock|min_reg_T:minRegT|reg4bit:register|reg_cell:reg4bit[2]|d_ff:ff|Q ; 8       ;
; alarm_clock_top_level:inst|alarm_clock:mainClock|min_reg_U:minRegU|reg4bit:register|reg_cell:reg4bit[3]|d_ff:ff|Q ; 7       ;
; alarm_clock_top_level:inst|alarm_clock:mainClock|min_reg_U:minRegU|reg4bit:register|reg_cell:reg4bit[1]|d_ff:ff|Q ; 8       ;
; alarm_clock_top_level:inst|alarm_clock:mainClock|min_reg_U:minRegU|reg4bit:register|reg_cell:reg4bit[2]|d_ff:ff|Q ; 7       ;
; alarm_clock_top_level:inst|alarm_clock:mainClock|min_reg_U:minRegU|reg4bit:register|reg_cell:reg4bit[0]|d_ff:ff|Q ; 9       ;
; alarm_clock_top_level:inst|alarm_clock:mainClock|sec_reg_T:secRegT|reg4bit:register|reg_cell:reg4bit[3]|d_ff:ff|Q ; 12      ;
; alarm_clock_top_level:inst|alarm_clock:mainClock|sec_reg_T:secRegT|reg4bit:register|reg_cell:reg4bit[1]|d_ff:ff|Q ; 15      ;
; alarm_clock_top_level:inst|alarm_clock:mainClock|sec_reg_T:secRegT|reg4bit:register|reg_cell:reg4bit[2]|d_ff:ff|Q ; 14      ;
; alarm_clock_top_level:inst|alarm_clock:mainClock|sec_reg_U:secRegU|reg4bit:register|reg_cell:reg4bit[3]|d_ff:ff|Q ; 13      ;
; alarm_clock_top_level:inst|alarm_clock:mainClock|sec_reg_U:secRegU|reg4bit:register|reg_cell:reg4bit[1]|d_ff:ff|Q ; 15      ;
; alarm_clock_top_level:inst|alarm_clock:mainClock|sec_reg_U:secRegU|reg4bit:register|reg_cell:reg4bit[2]|d_ff:ff|Q ; 14      ;
; alarm_clock_top_level:inst|alarm_control:alarmDevice|selected_place[0]                                            ; 5       ;
; Total number of inverted registers = 51                                                                           ;         ;
+-------------------------------------------------------------------------------------------------------------------+---------+


+---------------------------------------------------------------------------------------------------------------------------------------------------------------------------------------------------------------------------------------------+
; Multiplexer Restructuring Statistics (Restructuring Performed)                                                                                                                                                                              ;
+--------------------+-----------+---------------+----------------------+------------------------+------------+-------------------------------------------------------------------------------------------------------------------------------+
; Multiplexer Inputs ; Bus Width ; Baseline Area ; Area if Restructured ; Saving if Restructured ; Registered ; Example Multiplexer Output                                                                                                    ;
+--------------------+-----------+---------------+----------------------+------------------------+------------+-------------------------------------------------------------------------------------------------------------------------------+
; 3:1                ; 6 bits    ; 12 LEs        ; 6 LEs                ; 6 LEs                  ; Yes        ; |AlarmClock|alarm_clock_top_level:inst|alarm_clock:mainClock|reg6bit:iREG1|d_ff:iREG[4]|Q                                     ;
; 3:1                ; 16 bits   ; 32 LEs        ; 0 LEs                ; 32 LEs                 ; Yes        ; |AlarmClock|alarm_clock_top_level:inst|alarm_control:alarmDevice|alarm_hrT[3]                                                 ;
; 6:1                ; 3 bits    ; 12 LEs        ; 6 LEs                ; 6 LEs                  ; Yes        ; |AlarmClock|alarm_clock_top_level:inst|alarm_clock:mainClock|hr_reg_T:hrRegT|reg4bit:register|reg_cell:reg4bit[2]|d_ff:ff|Q   ;
; 7:1                ; 3 bits    ; 12 LEs        ; 9 LEs                ; 3 LEs                  ; Yes        ; |AlarmClock|alarm_clock_top_level:inst|alarm_clock:mainClock|sec_reg_U:secRegU|reg4bit:register|reg_cell:reg4bit[1]|d_ff:ff|Q ;
; 7:1                ; 3 bits    ; 12 LEs        ; 9 LEs                ; 3 LEs                  ; Yes        ; |AlarmClock|alarm_clock_top_level:inst|alarm_clock:mainClock|hr_reg_U:hrRegU|reg4bit:register|reg_cell:reg4bit[1]|d_ff:ff|Q   ;
; 7:1                ; 3 bits    ; 12 LEs        ; 9 LEs                ; 3 LEs                  ; Yes        ; |AlarmClock|alarm_clock_top_level:inst|alarm_clock:mainClock|min_reg_T:minRegT|reg4bit:register|reg_cell:reg4bit[2]|d_ff:ff|Q ;
; 7:1                ; 3 bits    ; 12 LEs        ; 9 LEs                ; 3 LEs                  ; Yes        ; |AlarmClock|alarm_clock_top_level:inst|alarm_clock:mainClock|min_reg_U:minRegU|reg4bit:register|reg_cell:reg4bit[2]|d_ff:ff|Q ;
; 7:1                ; 3 bits    ; 12 LEs        ; 9 LEs                ; 3 LEs                  ; Yes        ; |AlarmClock|alarm_clock_top_level:inst|alarm_clock:mainClock|sec_reg_T:secRegT|reg4bit:register|reg_cell:reg4bit[2]|d_ff:ff|Q ;
+--------------------+-----------+---------------+----------------------+------------------------+------------+-------------------------------------------------------------------------------------------------------------------------------+


+---------------------------------------------------------------------------------------------------------------------------------+
; Parameter Settings for User Entity Instance: alarm_clock_top_level:inst|alarm_clock:mainClock|debouncer:switch_select_debouncer ;
+----------------+-------+--------------------------------------------------------------------------------------------------------+
; Parameter Name ; Value ; Type                                                                                                   ;
+----------------+-------+--------------------------------------------------------------------------------------------------------+
; FAST_SIM       ; 0     ; Signed Integer                                                                                         ;
+----------------+-------+--------------------------------------------------------------------------------------------------------+
Note: In order to hide this table in the UI and the text report file, please set the "Show Parameter Settings in Synthesis Report" option in "Analysis and Synthesis Settings -> More Settings" to "Off".


+-------------------------------------------------------------------------------------------------------------------------------------------------+
; Parameter Settings for User Entity Instance: alarm_clock_top_level:inst|alarm_clock:mainClock|debouncer:switch_select_debouncer|clock_enable:u1 ;
+----------------+-------+------------------------------------------------------------------------------------------------------------------------+
; Parameter Name ; Value ; Type                                                                                                                   ;
+----------------+-------+------------------------------------------------------------------------------------------------------------------------+
; FAST_SIM       ; 0     ; Signed Integer                                                                                                         ;
+----------------+-------+------------------------------------------------------------------------------------------------------------------------+
Note: In order to hide this table in the UI and the text report file, please set the "Show Parameter Settings in Synthesis Report" option in "Analysis and Synthesis Settings -> More Settings" to "Off".


+-----------------------------------------------------------------------------------------------------------------------------+
; Parameter Settings for User Entity Instance: alarm_clock_top_level:inst|alarm_clock:mainClock|debouncer:increment_debouncer ;
+----------------+-------+----------------------------------------------------------------------------------------------------+
; Parameter Name ; Value ; Type                                                                                               ;
+----------------+-------+----------------------------------------------------------------------------------------------------+
; FAST_SIM       ; 0     ; Signed Integer                                                                                     ;
+----------------+-------+----------------------------------------------------------------------------------------------------+
Note: In order to hide this table in the UI and the text report file, please set the "Show Parameter Settings in Synthesis Report" option in "Analysis and Synthesis Settings -> More Settings" to "Off".


+---------------------------------------------------------------------------------------------------------------------------------------------+
; Parameter Settings for User Entity Instance: alarm_clock_top_level:inst|alarm_clock:mainClock|debouncer:increment_debouncer|clock_enable:u1 ;
+----------------+-------+--------------------------------------------------------------------------------------------------------------------+
; Parameter Name ; Value ; Type                                                                                                               ;
+----------------+-------+--------------------------------------------------------------------------------------------------------------------+
; FAST_SIM       ; 0     ; Signed Integer                                                                                                     ;
+----------------+-------+--------------------------------------------------------------------------------------------------------------------+
Note: In order to hide this table in the UI and the text report file, please set the "Show Parameter Settings in Synthesis Report" option in "Analysis and Synthesis Settings -> More Settings" to "Off".


+-------------------------------------------------------------------------------------------------------------------+
; Parameter Settings for User Entity Instance: alarm_clock_top_level:inst|alarm_clock:mainClock|sec_counter:counter ;
+----------------+-------+------------------------------------------------------------------------------------------+
; Parameter Name ; Value ; Type                                                                                     ;
+----------------+-------+------------------------------------------------------------------------------------------+
; FAST_SIM       ; 0     ; Signed Integer                                                                           ;
+----------------+-------+------------------------------------------------------------------------------------------+
Note: In order to hide this table in the UI and the text report file, please set the "Show Parameter Settings in Synthesis Report" option in "Analysis and Synthesis Settings -> More Settings" to "Off".


+--------------------------------------------------------------------------------+
; Parameter Settings for User Entity Instance: PLL:inst4|altpll:altpll_component ;
+-------------------------------+-----------------------+------------------------+
; Parameter Name                ; Value                 ; Type                   ;
+-------------------------------+-----------------------+------------------------+
; OPERATION_MODE                ; NORMAL                ; Untyped                ;
; PLL_TYPE                      ; AUTO                  ; Untyped                ;
; LPM_HINT                      ; CBX_MODULE_PREFIX=PLL ; Untyped                ;
; QUALIFY_CONF_DONE             ; OFF                   ; Untyped                ;
; COMPENSATE_CLOCK              ; CLK0                  ; Untyped                ;
; SCAN_CHAIN                    ; LONG                  ; Untyped                ;
; PRIMARY_CLOCK                 ; INCLK0                ; Untyped                ;
; INCLK0_INPUT_FREQUENCY        ; 20000                 ; Signed Integer         ;
; INCLK1_INPUT_FREQUENCY        ; 0                     ; Untyped                ;
; GATE_LOCK_SIGNAL              ; NO                    ; Untyped                ;
; GATE_LOCK_COUNTER             ; 0                     ; Untyped                ;
; LOCK_HIGH                     ; 1                     ; Untyped                ;
; LOCK_LOW                      ; 1                     ; Untyped                ;
; VALID_LOCK_MULTIPLIER         ; 1                     ; Untyped                ;
; INVALID_LOCK_MULTIPLIER       ; 5                     ; Untyped                ;
; SWITCH_OVER_ON_LOSSCLK        ; OFF                   ; Untyped                ;
; SWITCH_OVER_ON_GATED_LOCK     ; OFF                   ; Untyped                ;
; ENABLE_SWITCH_OVER_COUNTER    ; OFF                   ; Untyped                ;
; SKIP_VCO                      ; OFF                   ; Untyped                ;
; SWITCH_OVER_COUNTER           ; 0                     ; Untyped                ;
; SWITCH_OVER_TYPE              ; AUTO                  ; Untyped                ;
; FEEDBACK_SOURCE               ; EXTCLK0               ; Untyped                ;
; BANDWIDTH                     ; 0                     ; Untyped                ;
; BANDWIDTH_TYPE                ; AUTO                  ; Untyped                ;
; SPREAD_FREQUENCY              ; 0                     ; Untyped                ;
; DOWN_SPREAD                   ; 0                     ; Untyped                ;
; SELF_RESET_ON_GATED_LOSS_LOCK ; OFF                   ; Untyped                ;
; SELF_RESET_ON_LOSS_LOCK       ; OFF                   ; Untyped                ;
; CLK9_MULTIPLY_BY              ; 0                     ; Untyped                ;
; CLK8_MULTIPLY_BY              ; 0                     ; Untyped                ;
; CLK7_MULTIPLY_BY              ; 0                     ; Untyped                ;
; CLK6_MULTIPLY_BY              ; 0                     ; Untyped                ;
; CLK5_MULTIPLY_BY              ; 1                     ; Untyped                ;
; CLK4_MULTIPLY_BY              ; 1                     ; Untyped                ;
; CLK3_MULTIPLY_BY              ; 1                     ; Untyped                ;
; CLK2_MULTIPLY_BY              ; 1                     ; Untyped                ;
; CLK1_MULTIPLY_BY              ; 1                     ; Untyped                ;
; CLK0_MULTIPLY_BY              ; 1                     ; Signed Integer         ;
; CLK9_DIVIDE_BY                ; 0                     ; Untyped                ;
; CLK8_DIVIDE_BY                ; 0                     ; Untyped                ;
; CLK7_DIVIDE_BY                ; 0                     ; Untyped                ;
; CLK6_DIVIDE_BY                ; 0                     ; Untyped                ;
; CLK5_DIVIDE_BY                ; 1                     ; Untyped                ;
; CLK4_DIVIDE_BY                ; 1                     ; Untyped                ;
; CLK3_DIVIDE_BY                ; 1                     ; Untyped                ;
; CLK2_DIVIDE_BY                ; 1                     ; Untyped                ;
; CLK1_DIVIDE_BY                ; 1                     ; Untyped                ;
; CLK0_DIVIDE_BY                ; 1                     ; Signed Integer         ;
; CLK9_PHASE_SHIFT              ; 0                     ; Untyped                ;
; CLK8_PHASE_SHIFT              ; 0                     ; Untyped                ;
; CLK7_PHASE_SHIFT              ; 0                     ; Untyped                ;
; CLK6_PHASE_SHIFT              ; 0                     ; Untyped                ;
; CLK5_PHASE_SHIFT              ; 0                     ; Untyped                ;
; CLK4_PHASE_SHIFT              ; 0                     ; Untyped                ;
; CLK3_PHASE_SHIFT              ; 0                     ; Untyped                ;
; CLK2_PHASE_SHIFT              ; 0                     ; Untyped                ;
; CLK1_PHASE_SHIFT              ; 0                     ; Untyped                ;
; CLK0_PHASE_SHIFT              ; 0                     ; Untyped                ;
; CLK5_TIME_DELAY               ; 0                     ; Untyped                ;
; CLK4_TIME_DELAY               ; 0                     ; Untyped                ;
; CLK3_TIME_DELAY               ; 0                     ; Untyped                ;
; CLK2_TIME_DELAY               ; 0                     ; Untyped                ;
; CLK1_TIME_DELAY               ; 0                     ; Untyped                ;
; CLK0_TIME_DELAY               ; 0                     ; Untyped                ;
; CLK9_DUTY_CYCLE               ; 50                    ; Untyped                ;
; CLK8_DUTY_CYCLE               ; 50                    ; Untyped                ;
; CLK7_DUTY_CYCLE               ; 50                    ; Untyped                ;
; CLK6_DUTY_CYCLE               ; 50                    ; Untyped                ;
; CLK5_DUTY_CYCLE               ; 50                    ; Untyped                ;
; CLK4_DUTY_CYCLE               ; 50                    ; Untyped                ;
; CLK3_DUTY_CYCLE               ; 50                    ; Untyped                ;
; CLK2_DUTY_CYCLE               ; 50                    ; Untyped                ;
; CLK1_DUTY_CYCLE               ; 50                    ; Untyped                ;
; CLK0_DUTY_CYCLE               ; 50                    ; Signed Integer         ;
; CLK9_USE_EVEN_COUNTER_MODE    ; OFF                   ; Untyped                ;
; CLK8_USE_EVEN_COUNTER_MODE    ; OFF                   ; Untyped                ;
; CLK7_USE_EVEN_COUNTER_MODE    ; OFF                   ; Untyped                ;
; CLK6_USE_EVEN_COUNTER_MODE    ; OFF                   ; Untyped                ;
; CLK5_USE_EVEN_COUNTER_MODE    ; OFF                   ; Untyped                ;
; CLK4_USE_EVEN_COUNTER_MODE    ; OFF                   ; Untyped                ;
; CLK3_USE_EVEN_COUNTER_MODE    ; OFF                   ; Untyped                ;
; CLK2_USE_EVEN_COUNTER_MODE    ; OFF                   ; Untyped                ;
; CLK1_USE_EVEN_COUNTER_MODE    ; OFF                   ; Untyped                ;
; CLK0_USE_EVEN_COUNTER_MODE    ; OFF                   ; Untyped                ;
; CLK9_USE_EVEN_COUNTER_VALUE   ; OFF                   ; Untyped                ;
; CLK8_USE_EVEN_COUNTER_VALUE   ; OFF                   ; Untyped                ;
; CLK7_USE_EVEN_COUNTER_VALUE   ; OFF                   ; Untyped                ;
; CLK6_USE_EVEN_COUNTER_VALUE   ; OFF                   ; Untyped                ;
; CLK5_USE_EVEN_COUNTER_VALUE   ; OFF                   ; Untyped                ;
; CLK4_USE_EVEN_COUNTER_VALUE   ; OFF                   ; Untyped                ;
; CLK3_USE_EVEN_COUNTER_VALUE   ; OFF                   ; Untyped                ;
; CLK2_USE_EVEN_COUNTER_VALUE   ; OFF                   ; Untyped                ;
; CLK1_USE_EVEN_COUNTER_VALUE   ; OFF                   ; Untyped                ;
; CLK0_USE_EVEN_COUNTER_VALUE   ; OFF                   ; Untyped                ;
; LOCK_WINDOW_UI                ;  0.05                 ; Untyped                ;
; LOCK_WINDOW_UI_BITS           ; UNUSED                ; Untyped                ;
; VCO_RANGE_DETECTOR_LOW_BITS   ; UNUSED                ; Untyped                ;
; VCO_RANGE_DETECTOR_HIGH_BITS  ; UNUSED                ; Untyped                ;
; DPA_MULTIPLY_BY               ; 0                     ; Untyped                ;
; DPA_DIVIDE_BY                 ; 1                     ; Untyped                ;
; DPA_DIVIDER                   ; 0                     ; Untyped                ;
; EXTCLK3_MULTIPLY_BY           ; 1                     ; Untyped                ;
; EXTCLK2_MULTIPLY_BY           ; 1                     ; Untyped                ;
; EXTCLK1_MULTIPLY_BY           ; 1                     ; Untyped                ;
; EXTCLK0_MULTIPLY_BY           ; 1                     ; Untyped                ;
; EXTCLK3_DIVIDE_BY             ; 1                     ; Untyped                ;
; EXTCLK2_DIVIDE_BY             ; 1                     ; Untyped                ;
; EXTCLK1_DIVIDE_BY             ; 1                     ; Untyped                ;
; EXTCLK0_DIVIDE_BY             ; 1                     ; Untyped                ;
; EXTCLK3_PHASE_SHIFT           ; 0                     ; Untyped                ;
; EXTCLK2_PHASE_SHIFT           ; 0                     ; Untyped                ;
; EXTCLK1_PHASE_SHIFT           ; 0                     ; Untyped                ;
; EXTCLK0_PHASE_SHIFT           ; 0                     ; Untyped                ;
; EXTCLK3_TIME_DELAY            ; 0                     ; Untyped                ;
; EXTCLK2_TIME_DELAY            ; 0                     ; Untyped                ;
; EXTCLK1_TIME_DELAY            ; 0                     ; Untyped                ;
; EXTCLK0_TIME_DELAY            ; 0                     ; Untyped                ;
; EXTCLK3_DUTY_CYCLE            ; 50                    ; Untyped                ;
; EXTCLK2_DUTY_CYCLE            ; 50                    ; Untyped                ;
; EXTCLK1_DUTY_CYCLE            ; 50                    ; Untyped                ;
; EXTCLK0_DUTY_CYCLE            ; 50                    ; Untyped                ;
; VCO_MULTIPLY_BY               ; 0                     ; Untyped                ;
; VCO_DIVIDE_BY                 ; 0                     ; Untyped                ;
; SCLKOUT0_PHASE_SHIFT          ; 0                     ; Untyped                ;
; SCLKOUT1_PHASE_SHIFT          ; 0                     ; Untyped                ;
; VCO_MIN                       ; 0                     ; Untyped                ;
; VCO_MAX                       ; 0                     ; Untyped                ;
; VCO_CENTER                    ; 0                     ; Untyped                ;
; PFD_MIN                       ; 0                     ; Untyped                ;
; PFD_MAX                       ; 0                     ; Untyped                ;
; M_INITIAL                     ; 0                     ; Untyped                ;
; M                             ; 0                     ; Untyped                ;
; N                             ; 1                     ; Untyped                ;
; M2                            ; 1                     ; Untyped                ;
; N2                            ; 1                     ; Untyped                ;
; SS                            ; 1                     ; Untyped                ;
; C0_HIGH                       ; 0                     ; Untyped                ;
; C1_HIGH                       ; 0                     ; Untyped                ;
; C2_HIGH                       ; 0                     ; Untyped                ;
; C3_HIGH                       ; 0                     ; Untyped                ;
; C4_HIGH                       ; 0                     ; Untyped                ;
; C5_HIGH                       ; 0                     ; Untyped                ;
; C6_HIGH                       ; 0                     ; Untyped                ;
; C7_HIGH                       ; 0                     ; Untyped                ;
; C8_HIGH                       ; 0                     ; Untyped                ;
; C9_HIGH                       ; 0                     ; Untyped                ;
; C0_LOW                        ; 0                     ; Untyped                ;
; C1_LOW                        ; 0                     ; Untyped                ;
; C2_LOW                        ; 0                     ; Untyped                ;
; C3_LOW                        ; 0                     ; Untyped                ;
; C4_LOW                        ; 0                     ; Untyped                ;
; C5_LOW                        ; 0                     ; Untyped                ;
; C6_LOW                        ; 0                     ; Untyped                ;
; C7_LOW                        ; 0                     ; Untyped                ;
; C8_LOW                        ; 0                     ; Untyped                ;
; C9_LOW                        ; 0                     ; Untyped                ;
; C0_INITIAL                    ; 0                     ; Untyped                ;
; C1_INITIAL                    ; 0                     ; Untyped                ;
; C2_INITIAL                    ; 0                     ; Untyped                ;
; C3_INITIAL                    ; 0                     ; Untyped                ;
; C4_INITIAL                    ; 0                     ; Untyped                ;
; C5_INITIAL                    ; 0                     ; Untyped                ;
; C6_INITIAL                    ; 0                     ; Untyped                ;
; C7_INITIAL                    ; 0                     ; Untyped                ;
; C8_INITIAL                    ; 0                     ; Untyped                ;
; C9_INITIAL                    ; 0                     ; Untyped                ;
; C0_MODE                       ; BYPASS                ; Untyped                ;
; C1_MODE                       ; BYPASS                ; Untyped                ;
; C2_MODE                       ; BYPASS                ; Untyped                ;
; C3_MODE                       ; BYPASS                ; Untyped                ;
; C4_MODE                       ; BYPASS                ; Untyped                ;
; C5_MODE                       ; BYPASS                ; Untyped                ;
; C6_MODE                       ; BYPASS                ; Untyped                ;
; C7_MODE                       ; BYPASS                ; Untyped                ;
; C8_MODE                       ; BYPASS                ; Untyped                ;
; C9_MODE                       ; BYPASS                ; Untyped                ;
; C0_PH                         ; 0                     ; Untyped                ;
; C1_PH                         ; 0                     ; Untyped                ;
; C2_PH                         ; 0                     ; Untyped                ;
; C3_PH                         ; 0                     ; Untyped                ;
; C4_PH                         ; 0                     ; Untyped                ;
; C5_PH                         ; 0                     ; Untyped                ;
; C6_PH                         ; 0                     ; Untyped                ;
; C7_PH                         ; 0                     ; Untyped                ;
; C8_PH                         ; 0                     ; Untyped                ;
; C9_PH                         ; 0                     ; Untyped                ;
; L0_HIGH                       ; 1                     ; Untyped                ;
; L1_HIGH                       ; 1                     ; Untyped                ;
; G0_HIGH                       ; 1                     ; Untyped                ;
; G1_HIGH                       ; 1                     ; Untyped                ;
; G2_HIGH                       ; 1                     ; Untyped                ;
; G3_HIGH                       ; 1                     ; Untyped                ;
; E0_HIGH                       ; 1                     ; Untyped                ;
; E1_HIGH                       ; 1                     ; Untyped                ;
; E2_HIGH                       ; 1                     ; Untyped                ;
; E3_HIGH                       ; 1                     ; Untyped                ;
; L0_LOW                        ; 1                     ; Untyped                ;
; L1_LOW                        ; 1                     ; Untyped                ;
; G0_LOW                        ; 1                     ; Untyped                ;
; G1_LOW                        ; 1                     ; Untyped                ;
; G2_LOW                        ; 1                     ; Untyped                ;
; G3_LOW                        ; 1                     ; Untyped                ;
; E0_LOW                        ; 1                     ; Untyped                ;
; E1_LOW                        ; 1                     ; Untyped                ;
; E2_LOW                        ; 1                     ; Untyped                ;
; E3_LOW                        ; 1                     ; Untyped                ;
; L0_INITIAL                    ; 1                     ; Untyped                ;
; L1_INITIAL                    ; 1                     ; Untyped                ;
; G0_INITIAL                    ; 1                     ; Untyped                ;
; G1_INITIAL                    ; 1                     ; Untyped                ;
; G2_INITIAL                    ; 1                     ; Untyped                ;
; G3_INITIAL                    ; 1                     ; Untyped                ;
; E0_INITIAL                    ; 1                     ; Untyped                ;
; E1_INITIAL                    ; 1                     ; Untyped                ;
; E2_INITIAL                    ; 1                     ; Untyped                ;
; E3_INITIAL                    ; 1                     ; Untyped                ;
; L0_MODE                       ; BYPASS                ; Untyped                ;
; L1_MODE                       ; BYPASS                ; Untyped                ;
; G0_MODE                       ; BYPASS                ; Untyped                ;
; G1_MODE                       ; BYPASS                ; Untyped                ;
; G2_MODE                       ; BYPASS                ; Untyped                ;
; G3_MODE                       ; BYPASS                ; Untyped                ;
; E0_MODE                       ; BYPASS                ; Untyped                ;
; E1_MODE                       ; BYPASS                ; Untyped                ;
; E2_MODE                       ; BYPASS                ; Untyped                ;
; E3_MODE                       ; BYPASS                ; Untyped                ;
; L0_PH                         ; 0                     ; Untyped                ;
; L1_PH                         ; 0                     ; Untyped                ;
; G0_PH                         ; 0                     ; Untyped                ;
; G1_PH                         ; 0                     ; Untyped                ;
; G2_PH                         ; 0                     ; Untyped                ;
; G3_PH                         ; 0                     ; Untyped                ;
; E0_PH                         ; 0                     ; Untyped                ;
; E1_PH                         ; 0                     ; Untyped                ;
; E2_PH                         ; 0                     ; Untyped                ;
; E3_PH                         ; 0                     ; Untyped                ;
; M_PH                          ; 0                     ; Untyped                ;
; C1_USE_CASC_IN                ; OFF                   ; Untyped                ;
; C2_USE_CASC_IN                ; OFF                   ; Untyped                ;
; C3_USE_CASC_IN                ; OFF                   ; Untyped                ;
; C4_USE_CASC_IN                ; OFF                   ; Untyped                ;
; C5_USE_CASC_IN                ; OFF                   ; Untyped                ;
; C6_USE_CASC_IN                ; OFF                   ; Untyped                ;
; C7_USE_CASC_IN                ; OFF                   ; Untyped                ;
; C8_USE_CASC_IN                ; OFF                   ; Untyped                ;
; C9_USE_CASC_IN                ; OFF                   ; Untyped                ;
; CLK0_COUNTER                  ; G0                    ; Untyped                ;
; CLK1_COUNTER                  ; G0                    ; Untyped                ;
; CLK2_COUNTER                  ; G0                    ; Untyped                ;
; CLK3_COUNTER                  ; G0                    ; Untyped                ;
; CLK4_COUNTER                  ; G0                    ; Untyped                ;
; CLK5_COUNTER                  ; G0                    ; Untyped                ;
; CLK6_COUNTER                  ; E0                    ; Untyped                ;
; CLK7_COUNTER                  ; E1                    ; Untyped                ;
; CLK8_COUNTER                  ; E2                    ; Untyped                ;
; CLK9_COUNTER                  ; E3                    ; Untyped                ;
; L0_TIME_DELAY                 ; 0                     ; Untyped                ;
; L1_TIME_DELAY                 ; 0                     ; Untyped                ;
; G0_TIME_DELAY                 ; 0                     ; Untyped                ;
; G1_TIME_DELAY                 ; 0                     ; Untyped                ;
; G2_TIME_DELAY                 ; 0                     ; Untyped                ;
; G3_TIME_DELAY                 ; 0                     ; Untyped                ;
; E0_TIME_DELAY                 ; 0                     ; Untyped                ;
; E1_TIME_DELAY                 ; 0                     ; Untyped                ;
; E2_TIME_DELAY                 ; 0                     ; Untyped                ;
; E3_TIME_DELAY                 ; 0                     ; Untyped                ;
; M_TIME_DELAY                  ; 0                     ; Untyped                ;
; N_TIME_DELAY                  ; 0                     ; Untyped                ;
; EXTCLK3_COUNTER               ; E3                    ; Untyped                ;
; EXTCLK2_COUNTER               ; E2                    ; Untyped                ;
; EXTCLK1_COUNTER               ; E1                    ; Untyped                ;
; EXTCLK0_COUNTER               ; E0                    ; Untyped                ;
; ENABLE0_COUNTER               ; L0                    ; Untyped                ;
; ENABLE1_COUNTER               ; L0                    ; Untyped                ;
; CHARGE_PUMP_CURRENT           ; 2                     ; Untyped                ;
; LOOP_FILTER_R                 ;  1.000000             ; Untyped                ;
; LOOP_FILTER_C                 ; 5                     ; Untyped                ;
; CHARGE_PUMP_CURRENT_BITS      ; 9999                  ; Untyped                ;
; LOOP_FILTER_R_BITS            ; 9999                  ; Untyped                ;
; LOOP_FILTER_C_BITS            ; 9999                  ; Untyped                ;
; VCO_POST_SCALE                ; 0                     ; Untyped                ;
; CLK2_OUTPUT_FREQUENCY         ; 0                     ; Untyped                ;
; CLK1_OUTPUT_FREQUENCY         ; 0                     ; Untyped                ;
; CLK0_OUTPUT_FREQUENCY         ; 0                     ; Untyped                ;
; INTENDED_DEVICE_FAMILY        ; Cyclone IV E          ; Untyped                ;
; PORT_CLKENA0                  ; PORT_UNUSED           ; Untyped                ;
; PORT_CLKENA1                  ; PORT_UNUSED           ; Untyped                ;
; PORT_CLKENA2                  ; PORT_UNUSED           ; Untyped                ;
; PORT_CLKENA3                  ; PORT_UNUSED           ; Untyped                ;
; PORT_CLKENA4                  ; PORT_UNUSED           ; Untyped                ;
; PORT_CLKENA5                  ; PORT_UNUSED           ; Untyped                ;
; PORT_EXTCLKENA0               ; PORT_CONNECTIVITY     ; Untyped                ;
; PORT_EXTCLKENA1               ; PORT_CONNECTIVITY     ; Untyped                ;
; PORT_EXTCLKENA2               ; PORT_CONNECTIVITY     ; Untyped                ;
; PORT_EXTCLKENA3               ; PORT_CONNECTIVITY     ; Untyped                ;
; PORT_EXTCLK0                  ; PORT_UNUSED           ; Untyped                ;
; PORT_EXTCLK1                  ; PORT_UNUSED           ; Untyped                ;
; PORT_EXTCLK2                  ; PORT_UNUSED           ; Untyped                ;
; PORT_EXTCLK3                  ; PORT_UNUSED           ; Untyped                ;
; PORT_CLKBAD0                  ; PORT_UNUSED           ; Untyped                ;
; PORT_CLKBAD1                  ; PORT_UNUSED           ; Untyped                ;
; PORT_CLK0                     ; PORT_USED             ; Untyped                ;
; PORT_CLK1                     ; PORT_UNUSED           ; Untyped                ;
; PORT_CLK2                     ; PORT_UNUSED           ; Untyped                ;
; PORT_CLK3                     ; PORT_UNUSED           ; Untyped                ;
; PORT_CLK4                     ; PORT_UNUSED           ; Untyped                ;
; PORT_CLK5                     ; PORT_UNUSED           ; Untyped                ;
; PORT_CLK6                     ; PORT_UNUSED           ; Untyped                ;
; PORT_CLK7                     ; PORT_UNUSED           ; Untyped                ;
; PORT_CLK8                     ; PORT_UNUSED           ; Untyped                ;
; PORT_CLK9                     ; PORT_UNUSED           ; Untyped                ;
; PORT_SCANDATA                 ; PORT_UNUSED           ; Untyped                ;
; PORT_SCANDATAOUT              ; PORT_UNUSED           ; Untyped                ;
; PORT_SCANDONE                 ; PORT_UNUSED           ; Untyped                ;
; PORT_SCLKOUT1                 ; PORT_CONNECTIVITY     ; Untyped                ;
; PORT_SCLKOUT0                 ; PORT_CONNECTIVITY     ; Untyped                ;
; PORT_ACTIVECLOCK              ; PORT_UNUSED           ; Untyped                ;
; PORT_CLKLOSS                  ; PORT_UNUSED           ; Untyped                ;
; PORT_INCLK1                   ; PORT_UNUSED           ; Untyped                ;
; PORT_INCLK0                   ; PORT_USED             ; Untyped                ;
; PORT_FBIN                     ; PORT_UNUSED           ; Untyped                ;
; PORT_PLLENA                   ; PORT_UNUSED           ; Untyped                ;
; PORT_CLKSWITCH                ; PORT_UNUSED           ; Untyped                ;
; PORT_ARESET                   ; PORT_UNUSED           ; Untyped                ;
; PORT_PFDENA                   ; PORT_UNUSED           ; Untyped                ;
; PORT_SCANCLK                  ; PORT_UNUSED           ; Untyped                ;
; PORT_SCANACLR                 ; PORT_UNUSED           ; Untyped                ;
; PORT_SCANREAD                 ; PORT_UNUSED           ; Untyped                ;
; PORT_SCANWRITE                ; PORT_UNUSED           ; Untyped                ;
; PORT_ENABLE0                  ; PORT_CONNECTIVITY     ; Untyped                ;
; PORT_ENABLE1                  ; PORT_CONNECTIVITY     ; Untyped                ;
; PORT_LOCKED                   ; PORT_UNUSED           ; Untyped                ;
; PORT_CONFIGUPDATE             ; PORT_UNUSED           ; Untyped                ;
; PORT_FBOUT                    ; PORT_CONNECTIVITY     ; Untyped                ;
; PORT_PHASEDONE                ; PORT_UNUSED           ; Untyped                ;
; PORT_PHASESTEP                ; PORT_UNUSED           ; Untyped                ;
; PORT_PHASEUPDOWN              ; PORT_UNUSED           ; Untyped                ;
; PORT_SCANCLKENA               ; PORT_UNUSED           ; Untyped                ;
; PORT_PHASECOUNTERSELECT       ; PORT_UNUSED           ; Untyped                ;
; PORT_VCOOVERRANGE             ; PORT_CONNECTIVITY     ; Untyped                ;
; PORT_VCOUNDERRANGE            ; PORT_CONNECTIVITY     ; Untyped                ;
; M_TEST_SOURCE                 ; 5                     ; Untyped                ;
; C0_TEST_SOURCE                ; 5                     ; Untyped                ;
; C1_TEST_SOURCE                ; 5                     ; Untyped                ;
; C2_TEST_SOURCE                ; 5                     ; Untyped                ;
; C3_TEST_SOURCE                ; 5                     ; Untyped                ;
; C4_TEST_SOURCE                ; 5                     ; Untyped                ;
; C5_TEST_SOURCE                ; 5                     ; Untyped                ;
; C6_TEST_SOURCE                ; 5                     ; Untyped                ;
; C7_TEST_SOURCE                ; 5                     ; Untyped                ;
; C8_TEST_SOURCE                ; 5                     ; Untyped                ;
; C9_TEST_SOURCE                ; 5                     ; Untyped                ;
; CBXI_PARAMETER                ; PLL_altpll1           ; Untyped                ;
; VCO_FREQUENCY_CONTROL         ; AUTO                  ; Untyped                ;
; VCO_PHASE_SHIFT_STEP          ; 0                     ; Untyped                ;
; WIDTH_CLOCK                   ; 5                     ; Signed Integer         ;
; WIDTH_PHASECOUNTERSELECT      ; 4                     ; Untyped                ;
; USING_FBMIMICBIDIR_PORT       ; OFF                   ; Untyped                ;
; DEVICE_FAMILY                 ; Cyclone V             ; Untyped                ;
; SCAN_CHAIN_MIF_FILE           ; UNUSED                ; Untyped                ;
; SIM_GATE_LOCK_DEVICE_BEHAVIOR ; OFF                   ; Untyped                ;
; AUTO_CARRY_CHAINS             ; ON                    ; AUTO_CARRY             ;
; IGNORE_CARRY_BUFFERS          ; OFF                   ; IGNORE_CARRY           ;
; AUTO_CASCADE_CHAINS           ; ON                    ; AUTO_CASCADE           ;
; IGNORE_CASCADE_BUFFERS        ; OFF                   ; IGNORE_CASCADE         ;
+-------------------------------+-----------------------+------------------------+
Note: In order to hide this table in the UI and the text report file, please set the "Show Parameter Settings in Synthesis Report" option in "Analysis and Synthesis Settings -> More Settings" to "Off".


+------------------------------------------------------------+
; Parameter Settings for User Entity Instance: LPM_INV:inst7 ;
+----------------+-------+-----------------------------------+
; Parameter Name ; Value ; Type                              ;
+----------------+-------+-----------------------------------+
; LPM_WIDTH      ; 1     ; Untyped                           ;
+----------------+-------+-----------------------------------+
Note: In order to hide this table in the UI and the text report file, please set the "Show Parameter Settings in Synthesis Report" option in "Analysis and Synthesis Settings -> More Settings" to "Off".


+-------------------------------------------------------------------+
; altpll Parameter Settings by Entity Instance                      ;
+-------------------------------+-----------------------------------+
; Name                          ; Value                             ;
+-------------------------------+-----------------------------------+
; Number of entity instances    ; 1                                 ;
; Entity Instance               ; PLL:inst4|altpll:altpll_component ;
;     -- OPERATION_MODE         ; NORMAL                            ;
;     -- PLL_TYPE               ; AUTO                              ;
;     -- PRIMARY_CLOCK          ; INCLK0                            ;
;     -- INCLK0_INPUT_FREQUENCY ; 20000                             ;
;     -- INCLK1_INPUT_FREQUENCY ; 0                                 ;
;     -- VCO_MULTIPLY_BY        ; 0                                 ;
;     -- VCO_DIVIDE_BY          ; 0                                 ;
+-------------------------------+-----------------------------------+


+----------------------------------------------------------------------------------------------------------------------------------------------------------------------------------+
; Port Connectivity Checks: "alarm_clock_top_level:inst|alarm_control:alarmDevice"                                                                                                 ;
+----------------+-------+----------+----------------------------------------------------------------------------------------------------------------------------------------------+
; Port           ; Type  ; Severity ; Details                                                                                                                                      ;
+----------------+-------+----------+----------------------------------------------------------------------------------------------------------------------------------------------+
; rst_alarm_ring ; Input ; Warning  ; Declared by entity but not connected by instance. If a default value exists, it will be used.  Otherwise, the port will be connected to GND. ;
+----------------+-------+----------+----------------------------------------------------------------------------------------------------------------------------------------------+


+-----------------------------------------------------------------------------------------------------------+
; Port Connectivity Checks: "alarm_clock_top_level:inst|alarm_clock:mainClock|reg1bit:setTimeReg|d_ff:idff" ;
+------+-------+----------+---------------------------------------------------------------------------------+
; Port ; Type  ; Severity ; Details                                                                         ;
+------+-------+----------+---------------------------------------------------------------------------------+
; PRN  ; Input ; Info     ; Stuck at VCC                                                                    ;
+------+-------+----------+---------------------------------------------------------------------------------+


+-------------------------------------------------------------------------------------------------------------------------------------+
; Port Connectivity Checks: "alarm_clock_top_level:inst|alarm_clock:mainClock|sec_reg_U:secRegU|reg4bit:register|reg_cell:reg4bit[3]" ;
+------+--------+----------+----------------------------------------------------------------------------------------------------------+
; Port ; Type   ; Severity ; Details                                                                                                  ;
+------+--------+----------+----------------------------------------------------------------------------------------------------------+
; Lout ; Output ; Info     ; Connected to dangling logic. Logic that only feeds a dangling port will be removed.                      ;
+------+--------+----------+----------------------------------------------------------------------------------------------------------+


+---------------------------------------------------------------------------------------------------------------------------------------------+
; Port Connectivity Checks: "alarm_clock_top_level:inst|alarm_clock:mainClock|sec_reg_U:secRegU|reg4bit:register|reg_cell:reg4bit[0]|d_ff:ff" ;
+------+-------+----------+-------------------------------------------------------------------------------------------------------------------+
; Port ; Type  ; Severity ; Details                                                                                                           ;
+------+-------+----------+-------------------------------------------------------------------------------------------------------------------+
; CLRN ; Input ; Info     ; Stuck at VCC                                                                                                      ;
; PRN  ; Input ; Info     ; Stuck at VCC                                                                                                      ;
+------+-------+----------+-------------------------------------------------------------------------------------------------------------------+


+-------------------------------------------------------------------------------------------------------------------------------------+
; Port Connectivity Checks: "alarm_clock_top_level:inst|alarm_clock:mainClock|sec_reg_U:secRegU|reg4bit:register|reg_cell:reg4bit[0]" ;
+------+-------+----------+-----------------------------------------------------------------------------------------------------------+
; Port ; Type  ; Severity ; Details                                                                                                   ;
+------+-------+----------+-----------------------------------------------------------------------------------------------------------+
; Rin  ; Input ; Info     ; Stuck at VCC                                                                                              ;
+------+-------+----------+-----------------------------------------------------------------------------------------------------------+


+---------------------------------------------------------------------------------------------------------------------+
; Port Connectivity Checks: "alarm_clock_top_level:inst|alarm_clock:mainClock|sec_counter:counter|d_ff:count_reg[25]" ;
+------+-------+----------+-------------------------------------------------------------------------------------------+
; Port ; Type  ; Severity ; Details                                                                                   ;
+------+-------+----------+-------------------------------------------------------------------------------------------+
; CLRN ; Input ; Info     ; Stuck at VCC                                                                              ;
; PRN  ; Input ; Info     ; Stuck at VCC                                                                              ;
+------+-------+----------+-------------------------------------------------------------------------------------------+


+---------------------------------------------------------------------------------------------------------------------+
; Port Connectivity Checks: "alarm_clock_top_level:inst|alarm_clock:mainClock|sec_counter:counter|d_ff:count_reg[24]" ;
+------+-------+----------+-------------------------------------------------------------------------------------------+
; Port ; Type  ; Severity ; Details                                                                                   ;
+------+-------+----------+-------------------------------------------------------------------------------------------+
; CLRN ; Input ; Info     ; Stuck at VCC                                                                              ;
; PRN  ; Input ; Info     ; Stuck at VCC                                                                              ;
+------+-------+----------+-------------------------------------------------------------------------------------------+


+---------------------------------------------------------------------------------------------------------------------+
; Port Connectivity Checks: "alarm_clock_top_level:inst|alarm_clock:mainClock|sec_counter:counter|d_ff:count_reg[23]" ;
+------+-------+----------+-------------------------------------------------------------------------------------------+
; Port ; Type  ; Severity ; Details                                                                                   ;
+------+-------+----------+-------------------------------------------------------------------------------------------+
; CLRN ; Input ; Info     ; Stuck at VCC                                                                              ;
; PRN  ; Input ; Info     ; Stuck at VCC                                                                              ;
+------+-------+----------+-------------------------------------------------------------------------------------------+


+---------------------------------------------------------------------------------------------------------------------+
; Port Connectivity Checks: "alarm_clock_top_level:inst|alarm_clock:mainClock|sec_counter:counter|d_ff:count_reg[22]" ;
+------+-------+----------+-------------------------------------------------------------------------------------------+
; Port ; Type  ; Severity ; Details                                                                                   ;
+------+-------+----------+-------------------------------------------------------------------------------------------+
; CLRN ; Input ; Info     ; Stuck at VCC                                                                              ;
; PRN  ; Input ; Info     ; Stuck at VCC                                                                              ;
+------+-------+----------+-------------------------------------------------------------------------------------------+


+---------------------------------------------------------------------------------------------------------------------+
; Port Connectivity Checks: "alarm_clock_top_level:inst|alarm_clock:mainClock|sec_counter:counter|d_ff:count_reg[21]" ;
+------+-------+----------+-------------------------------------------------------------------------------------------+
; Port ; Type  ; Severity ; Details                                                                                   ;
+------+-------+----------+-------------------------------------------------------------------------------------------+
; CLRN ; Input ; Info     ; Stuck at VCC                                                                              ;
; PRN  ; Input ; Info     ; Stuck at VCC                                                                              ;
+------+-------+----------+-------------------------------------------------------------------------------------------+


+---------------------------------------------------------------------------------------------------------------------+
; Port Connectivity Checks: "alarm_clock_top_level:inst|alarm_clock:mainClock|sec_counter:counter|d_ff:count_reg[20]" ;
+------+-------+----------+-------------------------------------------------------------------------------------------+
; Port ; Type  ; Severity ; Details                                                                                   ;
+------+-------+----------+-------------------------------------------------------------------------------------------+
; CLRN ; Input ; Info     ; Stuck at VCC                                                                              ;
; PRN  ; Input ; Info     ; Stuck at VCC                                                                              ;
+------+-------+----------+-------------------------------------------------------------------------------------------+


+---------------------------------------------------------------------------------------------------------------------+
; Port Connectivity Checks: "alarm_clock_top_level:inst|alarm_clock:mainClock|sec_counter:counter|d_ff:count_reg[19]" ;
+------+-------+----------+-------------------------------------------------------------------------------------------+
; Port ; Type  ; Severity ; Details                                                                                   ;
+------+-------+----------+-------------------------------------------------------------------------------------------+
; CLRN ; Input ; Info     ; Stuck at VCC                                                                              ;
; PRN  ; Input ; Info     ; Stuck at VCC                                                                              ;
+------+-------+----------+-------------------------------------------------------------------------------------------+


+---------------------------------------------------------------------------------------------------------------------+
; Port Connectivity Checks: "alarm_clock_top_level:inst|alarm_clock:mainClock|sec_counter:counter|d_ff:count_reg[18]" ;
+------+-------+----------+-------------------------------------------------------------------------------------------+
; Port ; Type  ; Severity ; Details                                                                                   ;
+------+-------+----------+-------------------------------------------------------------------------------------------+
; CLRN ; Input ; Info     ; Stuck at VCC                                                                              ;
; PRN  ; Input ; Info     ; Stuck at VCC                                                                              ;
+------+-------+----------+-------------------------------------------------------------------------------------------+


+---------------------------------------------------------------------------------------------------------------------+
; Port Connectivity Checks: "alarm_clock_top_level:inst|alarm_clock:mainClock|sec_counter:counter|d_ff:count_reg[17]" ;
+------+-------+----------+-------------------------------------------------------------------------------------------+
; Port ; Type  ; Severity ; Details                                                                                   ;
+------+-------+----------+-------------------------------------------------------------------------------------------+
; CLRN ; Input ; Info     ; Stuck at VCC                                                                              ;
; PRN  ; Input ; Info     ; Stuck at VCC                                                                              ;
+------+-------+----------+-------------------------------------------------------------------------------------------+


+---------------------------------------------------------------------------------------------------------------------+
; Port Connectivity Checks: "alarm_clock_top_level:inst|alarm_clock:mainClock|sec_counter:counter|d_ff:count_reg[16]" ;
+------+-------+----------+-------------------------------------------------------------------------------------------+
; Port ; Type  ; Severity ; Details                                                                                   ;
+------+-------+----------+-------------------------------------------------------------------------------------------+
; CLRN ; Input ; Info     ; Stuck at VCC                                                                              ;
; PRN  ; Input ; Info     ; Stuck at VCC                                                                              ;
+------+-------+----------+-------------------------------------------------------------------------------------------+


+---------------------------------------------------------------------------------------------------------------------+
; Port Connectivity Checks: "alarm_clock_top_level:inst|alarm_clock:mainClock|sec_counter:counter|d_ff:count_reg[15]" ;
+------+-------+----------+-------------------------------------------------------------------------------------------+
; Port ; Type  ; Severity ; Details                                                                                   ;
+------+-------+----------+-------------------------------------------------------------------------------------------+
; CLRN ; Input ; Info     ; Stuck at VCC                                                                              ;
; PRN  ; Input ; Info     ; Stuck at VCC                                                                              ;
+------+-------+----------+-------------------------------------------------------------------------------------------+


+---------------------------------------------------------------------------------------------------------------------+
; Port Connectivity Checks: "alarm_clock_top_level:inst|alarm_clock:mainClock|sec_counter:counter|d_ff:count_reg[14]" ;
+------+-------+----------+-------------------------------------------------------------------------------------------+
; Port ; Type  ; Severity ; Details                                                                                   ;
+------+-------+----------+-------------------------------------------------------------------------------------------+
; CLRN ; Input ; Info     ; Stuck at VCC                                                                              ;
; PRN  ; Input ; Info     ; Stuck at VCC                                                                              ;
+------+-------+----------+-------------------------------------------------------------------------------------------+


+---------------------------------------------------------------------------------------------------------------------+
; Port Connectivity Checks: "alarm_clock_top_level:inst|alarm_clock:mainClock|sec_counter:counter|d_ff:count_reg[13]" ;
+------+-------+----------+-------------------------------------------------------------------------------------------+
; Port ; Type  ; Severity ; Details                                                                                   ;
+------+-------+----------+-------------------------------------------------------------------------------------------+
; CLRN ; Input ; Info     ; Stuck at VCC                                                                              ;
; PRN  ; Input ; Info     ; Stuck at VCC                                                                              ;
+------+-------+----------+-------------------------------------------------------------------------------------------+


+---------------------------------------------------------------------------------------------------------------------+
; Port Connectivity Checks: "alarm_clock_top_level:inst|alarm_clock:mainClock|sec_counter:counter|d_ff:count_reg[12]" ;
+------+-------+----------+-------------------------------------------------------------------------------------------+
; Port ; Type  ; Severity ; Details                                                                                   ;
+------+-------+----------+-------------------------------------------------------------------------------------------+
; CLRN ; Input ; Info     ; Stuck at VCC                                                                              ;
; PRN  ; Input ; Info     ; Stuck at VCC                                                                              ;
+------+-------+----------+-------------------------------------------------------------------------------------------+


+---------------------------------------------------------------------------------------------------------------------+
; Port Connectivity Checks: "alarm_clock_top_level:inst|alarm_clock:mainClock|sec_counter:counter|d_ff:count_reg[11]" ;
+------+-------+----------+-------------------------------------------------------------------------------------------+
; Port ; Type  ; Severity ; Details                                                                                   ;
+------+-------+----------+-------------------------------------------------------------------------------------------+
; CLRN ; Input ; Info     ; Stuck at VCC                                                                              ;
; PRN  ; Input ; Info     ; Stuck at VCC                                                                              ;
+------+-------+----------+-------------------------------------------------------------------------------------------+


+---------------------------------------------------------------------------------------------------------------------+
; Port Connectivity Checks: "alarm_clock_top_level:inst|alarm_clock:mainClock|sec_counter:counter|d_ff:count_reg[10]" ;
+------+-------+----------+-------------------------------------------------------------------------------------------+
; Port ; Type  ; Severity ; Details                                                                                   ;
+------+-------+----------+-------------------------------------------------------------------------------------------+
; CLRN ; Input ; Info     ; Stuck at VCC                                                                              ;
; PRN  ; Input ; Info     ; Stuck at VCC                                                                              ;
+------+-------+----------+-------------------------------------------------------------------------------------------+


+--------------------------------------------------------------------------------------------------------------------+
; Port Connectivity Checks: "alarm_clock_top_level:inst|alarm_clock:mainClock|sec_counter:counter|d_ff:count_reg[9]" ;
+------+-------+----------+------------------------------------------------------------------------------------------+
; Port ; Type  ; Severity ; Details                                                                                  ;
+------+-------+----------+------------------------------------------------------------------------------------------+
; CLRN ; Input ; Info     ; Stuck at VCC                                                                             ;
; PRN  ; Input ; Info     ; Stuck at VCC                                                                             ;
+------+-------+----------+------------------------------------------------------------------------------------------+


+--------------------------------------------------------------------------------------------------------------------+
; Port Connectivity Checks: "alarm_clock_top_level:inst|alarm_clock:mainClock|sec_counter:counter|d_ff:count_reg[8]" ;
+------+-------+----------+------------------------------------------------------------------------------------------+
; Port ; Type  ; Severity ; Details                                                                                  ;
+------+-------+----------+------------------------------------------------------------------------------------------+
; CLRN ; Input ; Info     ; Stuck at VCC                                                                             ;
; PRN  ; Input ; Info     ; Stuck at VCC                                                                             ;
+------+-------+----------+------------------------------------------------------------------------------------------+


+--------------------------------------------------------------------------------------------------------------------+
; Port Connectivity Checks: "alarm_clock_top_level:inst|alarm_clock:mainClock|sec_counter:counter|d_ff:count_reg[7]" ;
+------+-------+----------+------------------------------------------------------------------------------------------+
; Port ; Type  ; Severity ; Details                                                                                  ;
+------+-------+----------+------------------------------------------------------------------------------------------+
; CLRN ; Input ; Info     ; Stuck at VCC                                                                             ;
; PRN  ; Input ; Info     ; Stuck at VCC                                                                             ;
+------+-------+----------+------------------------------------------------------------------------------------------+


+--------------------------------------------------------------------------------------------------------------------+
; Port Connectivity Checks: "alarm_clock_top_level:inst|alarm_clock:mainClock|sec_counter:counter|d_ff:count_reg[6]" ;
+------+-------+----------+------------------------------------------------------------------------------------------+
; Port ; Type  ; Severity ; Details                                                                                  ;
+------+-------+----------+------------------------------------------------------------------------------------------+
; CLRN ; Input ; Info     ; Stuck at VCC                                                                             ;
; PRN  ; Input ; Info     ; Stuck at VCC                                                                             ;
+------+-------+----------+------------------------------------------------------------------------------------------+


+--------------------------------------------------------------------------------------------------------------------+
; Port Connectivity Checks: "alarm_clock_top_level:inst|alarm_clock:mainClock|sec_counter:counter|d_ff:count_reg[5]" ;
+------+-------+----------+------------------------------------------------------------------------------------------+
; Port ; Type  ; Severity ; Details                                                                                  ;
+------+-------+----------+------------------------------------------------------------------------------------------+
; CLRN ; Input ; Info     ; Stuck at VCC                                                                             ;
; PRN  ; Input ; Info     ; Stuck at VCC                                                                             ;
+------+-------+----------+------------------------------------------------------------------------------------------+


+--------------------------------------------------------------------------------------------------------------------+
; Port Connectivity Checks: "alarm_clock_top_level:inst|alarm_clock:mainClock|sec_counter:counter|d_ff:count_reg[4]" ;
+------+-------+----------+------------------------------------------------------------------------------------------+
; Port ; Type  ; Severity ; Details                                                                                  ;
+------+-------+----------+------------------------------------------------------------------------------------------+
; CLRN ; Input ; Info     ; Stuck at VCC                                                                             ;
; PRN  ; Input ; Info     ; Stuck at VCC                                                                             ;
+------+-------+----------+------------------------------------------------------------------------------------------+


+--------------------------------------------------------------------------------------------------------------------+
; Port Connectivity Checks: "alarm_clock_top_level:inst|alarm_clock:mainClock|sec_counter:counter|d_ff:count_reg[3]" ;
+------+-------+----------+------------------------------------------------------------------------------------------+
; Port ; Type  ; Severity ; Details                                                                                  ;
+------+-------+----------+------------------------------------------------------------------------------------------+
; CLRN ; Input ; Info     ; Stuck at VCC                                                                             ;
; PRN  ; Input ; Info     ; Stuck at VCC                                                                             ;
+------+-------+----------+------------------------------------------------------------------------------------------+


+--------------------------------------------------------------------------------------------------------------------+
; Port Connectivity Checks: "alarm_clock_top_level:inst|alarm_clock:mainClock|sec_counter:counter|d_ff:count_reg[2]" ;
+------+-------+----------+------------------------------------------------------------------------------------------+
; Port ; Type  ; Severity ; Details                                                                                  ;
+------+-------+----------+------------------------------------------------------------------------------------------+
; CLRN ; Input ; Info     ; Stuck at VCC                                                                             ;
; PRN  ; Input ; Info     ; Stuck at VCC                                                                             ;
+------+-------+----------+------------------------------------------------------------------------------------------+


+--------------------------------------------------------------------------------------------------------------------+
; Port Connectivity Checks: "alarm_clock_top_level:inst|alarm_clock:mainClock|sec_counter:counter|d_ff:count_reg[1]" ;
+------+-------+----------+------------------------------------------------------------------------------------------+
; Port ; Type  ; Severity ; Details                                                                                  ;
+------+-------+----------+------------------------------------------------------------------------------------------+
; CLRN ; Input ; Info     ; Stuck at VCC                                                                             ;
; PRN  ; Input ; Info     ; Stuck at VCC                                                                             ;
+------+-------+----------+------------------------------------------------------------------------------------------+


+--------------------------------------------------------------------------------------------------------------------+
; Port Connectivity Checks: "alarm_clock_top_level:inst|alarm_clock:mainClock|sec_counter:counter|d_ff:count_reg[0]" ;
+------+-------+----------+------------------------------------------------------------------------------------------+
; Port ; Type  ; Severity ; Details                                                                                  ;
+------+-------+----------+------------------------------------------------------------------------------------------+
; CLRN ; Input ; Info     ; Stuck at VCC                                                                             ;
; PRN  ; Input ; Info     ; Stuck at VCC                                                                             ;
+------+-------+----------+------------------------------------------------------------------------------------------+


+-----------------------------------------------------------------------------------------------------------------+
; Port Connectivity Checks: "alarm_clock_top_level:inst|alarm_clock:mainClock|sec_counter:counter"                ;
+-------+--------+----------+-------------------------------------------------------------------------------------+
; Port  ; Type   ; Severity ; Details                                                                             ;
+-------+--------+----------+-------------------------------------------------------------------------------------+
; count ; Output ; Info     ; Connected to dangling logic. Logic that only feeds a dangling port will be removed. ;
+-------+--------+----------+-------------------------------------------------------------------------------------+


+---------------------------------------------------------------------------------------------------------+
; Port Connectivity Checks: "alarm_clock_top_level:inst|alarm_clock:mainClock|reg6bit:iREG1|d_ff:iREG[5]" ;
+------+-------+----------+-------------------------------------------------------------------------------+
; Port ; Type  ; Severity ; Details                                                                       ;
+------+-------+----------+-------------------------------------------------------------------------------+
; PRN  ; Input ; Info     ; Stuck at VCC                                                                  ;
+------+-------+----------+-------------------------------------------------------------------------------+


+---------------------------------------------------------------------------------------------------------+
; Port Connectivity Checks: "alarm_clock_top_level:inst|alarm_clock:mainClock|reg6bit:iREG1|d_ff:iREG[4]" ;
+------+-------+----------+-------------------------------------------------------------------------------+
; Port ; Type  ; Severity ; Details                                                                       ;
+------+-------+----------+-------------------------------------------------------------------------------+
; PRN  ; Input ; Info     ; Stuck at VCC                                                                  ;
+------+-------+----------+-------------------------------------------------------------------------------+


+---------------------------------------------------------------------------------------------------------+
; Port Connectivity Checks: "alarm_clock_top_level:inst|alarm_clock:mainClock|reg6bit:iREG1|d_ff:iREG[3]" ;
+------+-------+----------+-------------------------------------------------------------------------------+
; Port ; Type  ; Severity ; Details                                                                       ;
+------+-------+----------+-------------------------------------------------------------------------------+
; PRN  ; Input ; Info     ; Stuck at VCC                                                                  ;
+------+-------+----------+-------------------------------------------------------------------------------+


+---------------------------------------------------------------------------------------------------------+
; Port Connectivity Checks: "alarm_clock_top_level:inst|alarm_clock:mainClock|reg6bit:iREG1|d_ff:iREG[2]" ;
+------+-------+----------+-------------------------------------------------------------------------------+
; Port ; Type  ; Severity ; Details                                                                       ;
+------+-------+----------+-------------------------------------------------------------------------------+
; PRN  ; Input ; Info     ; Stuck at VCC                                                                  ;
+------+-------+----------+-------------------------------------------------------------------------------+


+---------------------------------------------------------------------------------------------------------+
; Port Connectivity Checks: "alarm_clock_top_level:inst|alarm_clock:mainClock|reg6bit:iREG1|d_ff:iREG[1]" ;
+------+-------+----------+-------------------------------------------------------------------------------+
; Port ; Type  ; Severity ; Details                                                                       ;
+------+-------+----------+-------------------------------------------------------------------------------+
; PRN  ; Input ; Info     ; Stuck at VCC                                                                  ;
+------+-------+----------+-------------------------------------------------------------------------------+


+---------------------------------------------------------------------------------------------------------+
; Port Connectivity Checks: "alarm_clock_top_level:inst|alarm_clock:mainClock|reg6bit:iREG1|d_ff:iREG[0]" ;
+------+-------+----------+-------------------------------------------------------------------------------+
; Port ; Type  ; Severity ; Details                                                                       ;
+------+-------+----------+-------------------------------------------------------------------------------+
; PRN  ; Input ; Info     ; Stuck at VCC                                                                  ;
+------+-------+----------+-------------------------------------------------------------------------------+


+-----------------------------------------------------+
; Post-Synthesis Netlist Statistics for Top Partition ;
+-----------------------+-----------------------------+
; Type                  ; Count                       ;
+-----------------------+-----------------------------+
; arriav_ff             ; 137                         ;
;     CLR               ; 3                           ;
;     ENA               ; 15                          ;
;     ENA CLR           ; 10                          ;
;     ENA CLR SLD       ; 16                          ;
;     SCLR              ; 52                          ;
;     SLD               ; 29                          ;
;     plain             ; 12                          ;
; arriav_lcell_comb     ; 360                         ;
;     arith             ; 78                          ;
;         1 data inputs ; 78                          ;
;     extend            ; 3                           ;
;         7 data inputs ; 3                           ;
;     normal            ; 279                         ;
;         1 data inputs ; 48                          ;
;         2 data inputs ; 22                          ;
;         3 data inputs ; 17                          ;
;         4 data inputs ; 58                          ;
;         5 data inputs ; 45                          ;
;         6 data inputs ; 89                          ;
; boundary_port         ; 48                          ;
; generic_pll           ; 1                           ;
;                       ;                             ;
; Max LUT depth         ; 5.00                        ;
; Average LUT depth     ; 3.21                        ;
+-----------------------+-----------------------------+


+-------------------------------+
; Elapsed Time Per Partition    ;
+----------------+--------------+
; Partition Name ; Elapsed Time ;
+----------------+--------------+
; Top            ; 00:00:01     ;
+----------------+--------------+


+-------------------------------+
; Analysis & Synthesis Messages ;
+-------------------------------+
Info: *******************************************************************
Info: Running Quartus Prime Analysis & Synthesis
    Info: Version 25.1std.0 Build 1129 10/21/2025 SC Lite Edition
    Info: Processing started: Thu Aug 27 12:47:58 2026
Info: Command: quartus_map --read_settings_files=on --write_settings_files=off AlarmClock -c AlarmClock
Warning (18236): Number of processors has not been specified which may cause overloading on shared machines.  Set the global assignment NUM_PARALLEL_PROCESSORS in your QSF to an appropriate value for best performance.
Info (20030): Parallel compilation is enabled and will use 16 of the 16 processors detected
Info (12021): Found 1 design units, including 1 entities, in source file seggdec.sv
    Info (12023): Found entity 1: segGdec File: C:/Users/Owner/Desktop/Robotics/FPGAWork/AlarmClock/segGdec.sv Line: 1
Info (12021): Found 1 design units, including 1 entities, in source file segfdec.sv
    Info (12023): Found entity 1: segFdec File: C:/Users/Owner/Desktop/Robotics/FPGAWork/AlarmClock/segFdec.sv Line: 3
Info (12021): Found 1 design units, including 1 entities, in source file segedec.sv
    Info (12023): Found entity 1: segEdec File: C:/Users/Owner/Desktop/Robotics/FPGAWork/AlarmClock/segEdec.sv Line: 3
Info (12021): Found 1 design units, including 1 entities, in source file segddec.sv
    Info (12023): Found entity 1: segDdec File: C:/Users/Owner/Desktop/Robotics/FPGAWork/AlarmClock/segDdec.sv Line: 3
Info (12021): Found 1 design units, including 1 entities, in source file segcdec.sv
    Info (12023): Found entity 1: segCdec File: C:/Users/Owner/Desktop/Robotics/FPGAWork/AlarmClock/segCdec.sv Line: 3
Info (12021): Found 1 design units, including 1 entities, in source file segbdec.sv
    Info (12023): Found entity 1: segBdec File: C:/Users/Owner/Desktop/Robotics/FPGAWork/AlarmClock/segBdec.sv Line: 3
Info (12021): Found 1 design units, including 1 entities, in source file segadec.sv
    Info (12023): Found entity 1: segAdec File: C:/Users/Owner/Desktop/Robotics/FPGAWork/AlarmClock/segAdec.sv Line: 3
Info (12021): Found 1 design units, including 1 entities, in source file sec_reg_u.sv
    Info (12023): Found entity 1: sec_reg_U File: C:/Users/Owner/Desktop/Robotics/FPGAWork/AlarmClock/sec_reg_U.sv Line: 3
Info (12021): Found 1 design units, including 1 entities, in source file sec_reg_tb.sv
    Info (12023): Found entity 1: sec_reg_tb File: C:/Users/Owner/Desktop/Robotics/FPGAWork/AlarmClock/sec_reg_tb.sv Line: 1
Info (12021): Found 1 design units, including 1 entities, in source file sec_reg_t.sv
    Info (12023): Found entity 1: sec_reg_T File: C:/Users/Owner/Desktop/Robotics/FPGAWork/AlarmClock/sec_reg_T.sv Line: 4
Info (12021): Found 1 design units, including 1 entities, in source file sec_counter_tb.sv
    Info (12023): Found entity 1: sec_counter_tb File: C:/Users/Owner/Desktop/Robotics/FPGAWork/AlarmClock/sec_counter_tb.sv Line: 1
Info (12021): Found 1 design units, including 1 entities, in source file sec_counter.sv
    Info (12023): Found entity 1: sec_counter File: C:/Users/Owner/Desktop/Robotics/FPGAWork/AlarmClock/sec_counter.sv Line: 1
Info (12021): Found 1 design units, including 1 entities, in source file reg_cell.sv
    Info (12023): Found entity 1: reg_cell File: C:/Users/Owner/Desktop/Robotics/FPGAWork/AlarmClock/reg_cell.sv Line: 3
Info (12021): Found 1 design units, including 1 entities, in source file register_tb.sv
    Info (12023): Found entity 1: register_tb File: C:/Users/Owner/Desktop/Robotics/FPGAWork/AlarmClock/register_tb.sv Line: 1
Info (12021): Found 1 design units, including 1 entities, in source file reg4bit.sv
    Info (12023): Found entity 1: reg4bit File: C:/Users/Owner/Desktop/Robotics/FPGAWork/AlarmClock/reg4bit.sv Line: 1
Info (12021): Found 1 design units, including 1 entities, in source file min_reg_u.sv
    Info (12023): Found entity 1: min_reg_U File: C:/Users/Owner/Desktop/Robotics/FPGAWork/AlarmClock/min_reg_U.sv Line: 1
Info (12021): Found 1 design units, including 1 entities, in source file min_reg_t.sv
    Info (12023): Found entity 1: min_reg_T File: C:/Users/Owner/Desktop/Robotics/FPGAWork/AlarmClock/min_reg_T.sv Line: 1
Info (12021): Found 1 design units, including 1 entities, in source file hr_reg_u.sv
    Info (12023): Found entity 1: hr_reg_U File: C:/Users/Owner/Desktop/Robotics/FPGAWork/AlarmClock/hr_reg_U.sv Line: 1
Info (12021): Found 1 design units, including 1 entities, in source file hr_reg_t.sv
    Info (12023): Found entity 1: hr_reg_T File: C:/Users/Owner/Desktop/Robotics/FPGAWork/AlarmClock/hr_reg_T.sv Line: 1
Info (12021): Found 1 design units, including 1 entities, in source file half_adder.sv
    Info (12023): Found entity 1: half_adder File: C:/Users/Owner/Desktop/Robotics/FPGAWork/AlarmClock/half_adder.sv Line: 1
Info (12021): Found 1 design units, including 1 entities, in source file d_ff.sv
    Info (12023): Found entity 1: d_ff File: C:/Users/Owner/Desktop/Robotics/FPGAWork/AlarmClock/d_ff.sv Line: 1
Info (12021): Found 1 design units, including 1 entities, in source file bcd7seg.sv
    Info (12023): Found entity 1: bcd7seg File: C:/Users/Owner/Desktop/Robotics/FPGAWork/AlarmClock/bcd7seg.sv Line: 1
Info (12021): Found 1 design units, including 1 entities, in source file alarm_clock_tb.sv
    Info (12023): Found entity 1: alarm_clock_tb File: C:/Users/Owner/Desktop/Robotics/FPGAWork/AlarmClock/alarm_clock_tb.sv Line: 1
Info (12021): Found 1 design units, including 1 entities, in source file alarm_clock.sv
    Info (12023): Found entity 1: alarm_clock File: C:/Users/Owner/Desktop/Robotics/FPGAWork/AlarmClock/alarm_clock.sv Line: 4
Info (12021): Found 1 design units, including 1 entities, in source file alarmclock.bdf
    Info (12023): Found entity 1: AlarmClock
Info (12021): Found 1 design units, including 1 entities, in source file pll.v
    Info (12023): Found entity 1: PLL File: C:/Users/Owner/Desktop/Robotics/FPGAWork/AlarmClock/PLL.v Line: 40
Info (12021): Found 1 design units, including 1 entities, in source file my_mux.v
    Info (12023): Found entity 1: my_mux File: C:/Users/Owner/Desktop/Robotics/FPGAWork/AlarmClock/my_mux.v Line: 40
Info (12021): Found 1 design units, including 1 entities, in source file simple_counter.sv
    Info (12023): Found entity 1: simple_counter File: C:/Users/Owner/Desktop/Robotics/FPGAWork/AlarmClock/simple_counter.sv Line: 1
Info (12127): Elaborating entity "AlarmClock" for the top level hierarchy
Warning (12125): Using design file alarm_clock_top_level.sv, which is not specified as a design file for the current project, but contains definitions for 1 design units and 1 entities in project
    Info (12023): Found entity 1: alarm_clock_top_level File: C:/Users/Owner/Desktop/Robotics/FPGAWork/AlarmClock/alarm_clock_top_level.sv Line: 3
Info (12128): Elaborating entity "alarm_clock_top_level" for hierarchy "alarm_clock_top_level:inst"
Warning (10230): Verilog HDL assignment warning at alarm_clock_top_level.sv(111): truncated value with size 32 to match size of target (25) File: C:/Users/Owner/Desktop/Robotics/FPGAWork/AlarmClock/alarm_clock_top_level.sv Line: 111
Warning (10230): Verilog HDL assignment warning at alarm_clock_top_level.sv(166): truncated value with size 32 to match size of target (15) File: C:/Users/Owner/Desktop/Robotics/FPGAWork/AlarmClock/alarm_clock_top_level.sv Line: 166
Info (12128): Elaborating entity "alarm_clock" for hierarchy "alarm_clock_top_level:inst|alarm_clock:mainClock" File: C:/Users/Owner/Desktop/Robotics/FPGAWork/AlarmClock/alarm_clock_top_level.sv Line: 58
Warning (10270): Verilog HDL Case Statement warning at alarm_clock.sv(157): incomplete case statement has no default case item File: C:/Users/Owner/Desktop/Robotics/FPGAWork/AlarmClock/alarm_clock.sv Line: 157
Info (10264): Verilog HDL Case Statement information at alarm_clock.sv(157): all case item expressions in this case statement are onehot File: C:/Users/Owner/Desktop/Robotics/FPGAWork/AlarmClock/alarm_clock.sv Line: 157
Warning (12125): Using design file reg6bit.sv, which is not specified as a design file for the current project, but contains definitions for 1 design units and 1 entities in project
    Info (12023): Found entity 1: reg6bit File: C:/Users/Owner/Desktop/Robotics/FPGAWork/AlarmClock/reg6bit.sv Line: 1
Info (12128): Elaborating entity "reg6bit" for hierarchy "alarm_clock_top_level:inst|alarm_clock:mainClock|reg6bit:iREG1" File: C:/Users/Owner/Desktop/Robotics/FPGAWork/AlarmClock/alarm_clock.sv Line: 69
Info (12128): Elaborating entity "d_ff" for hierarchy "alarm_clock_top_level:inst|alarm_clock:mainClock|reg6bit:iREG1|d_ff:iREG[0]" File: C:/Users/Owner/Desktop/Robotics/FPGAWork/AlarmClock/reg6bit.sv Line: 8
Warning (12125): Using design file debouncer.sv, which is not specified as a design file for the current project, but contains definitions for 3 design units and 3 entities in project
    Info (12023): Found entity 1: debouncer File: C:/Users/Owner/Desktop/Robotics/FPGAWork/AlarmClock/debouncer.sv Line: 8
    Info (12023): Found entity 2: clock_enable File: C:/Users/Owner/Desktop/Robotics/FPGAWork/AlarmClock/debouncer.sv Line: 27
    Info (12023): Found entity 3: my_dff_en File: C:/Users/Owner/Desktop/Robotics/FPGAWork/AlarmClock/debouncer.sv Line: 49
Info (12128): Elaborating entity "debouncer" for hierarchy "alarm_clock_top_level:inst|alarm_clock:mainClock|debouncer:switch_select_debouncer" File: C:/Users/Owner/Desktop/Robotics/FPGAWork/AlarmClock/alarm_clock.sv Line: 71
Info (12128): Elaborating entity "clock_enable" for hierarchy "alarm_clock_top_level:inst|alarm_clock:mainClock|debouncer:switch_select_debouncer|clock_enable:u1" File: C:/Users/Owner/Desktop/Robotics/FPGAWork/AlarmClock/debouncer.sv Line: 15
Warning (10230): Verilog HDL assignment warning at debouncer.sv(42): truncated value with size 32 to match size of target (27) File: C:/Users/Owner/Desktop/Robotics/FPGAWork/AlarmClock/debouncer.sv Line: 42
Info (12128): Elaborating entity "my_dff_en" for hierarchy "alarm_clock_top_level:inst|alarm_clock:mainClock|debouncer:switch_select_debouncer|my_dff_en:d0" File: C:/Users/Owner/Desktop/Robotics/FPGAWork/AlarmClock/debouncer.sv Line: 16
Info (12128): Elaborating entity "sec_counter" for hierarchy "alarm_clock_top_level:inst|alarm_clock:mainClock|sec_counter:counter" File: C:/Users/Owner/Desktop/Robotics/FPGAWork/AlarmClock/alarm_clock.sv Line: 82
Info (12128): Elaborating entity "sec_reg_U" for hierarchy "alarm_clock_top_level:inst|alarm_clock:mainClock|sec_reg_U:secRegU" File: C:/Users/Owner/Desktop/Robotics/FPGAWork/AlarmClock/alarm_clock.sv Line: 83
Info (12128): Elaborating entity "reg4bit" for hierarchy "alarm_clock_top_level:inst|alarm_clock:mainClock|sec_reg_U:secRegU|reg4bit:register" File: C:/Users/Owner/Desktop/Robotics/FPGAWork/AlarmClock/sec_reg_U.sv Line: 22
Info (12128): Elaborating entity "reg_cell" for hierarchy "alarm_clock_top_level:inst|alarm_clock:mainClock|sec_reg_U:secRegU|reg4bit:register|reg_cell:reg4bit[0]" File: C:/Users/Owner/Desktop/Robotics/FPGAWork/AlarmClock/reg4bit.sv Line: 10
Info (12128): Elaborating entity "half_adder" for hierarchy "alarm_clock_top_level:inst|alarm_clock:mainClock|sec_reg_U:secRegU|reg4bit:register|reg_cell:reg4bit[0]|half_adder:adder" File: C:/Users/Owner/Desktop/Robotics/FPGAWork/AlarmClock/reg_cell.sv Line: 18
Info (12128): Elaborating entity "sec_reg_T" for hierarchy "alarm_clock_top_level:inst|alarm_clock:mainClock|sec_reg_T:secRegT" File: C:/Users/Owner/Desktop/Robotics/FPGAWork/AlarmClock/alarm_clock.sv Line: 84
Info (12128): Elaborating entity "min_reg_U" for hierarchy "alarm_clock_top_level:inst|alarm_clock:mainClock|min_reg_U:minRegU" File: C:/Users/Owner/Desktop/Robotics/FPGAWork/AlarmClock/alarm_clock.sv Line: 85
Info (12128): Elaborating entity "min_reg_T" for hierarchy "alarm_clock_top_level:inst|alarm_clock:mainClock|min_reg_T:minRegT" File: C:/Users/Owner/Desktop/Robotics/FPGAWork/AlarmClock/alarm_clock.sv Line: 86
Info (12128): Elaborating entity "hr_reg_U" for hierarchy "alarm_clock_top_level:inst|alarm_clock:mainClock|hr_reg_U:hrRegU" File: C:/Users/Owner/Desktop/Robotics/FPGAWork/AlarmClock/alarm_clock.sv Line: 87
Info (12128): Elaborating entity "hr_reg_T" for hierarchy "alarm_clock_top_level:inst|alarm_clock:mainClock|hr_reg_T:hrRegT" File: C:/Users/Owner/Desktop/Robotics/FPGAWork/AlarmClock/alarm_clock.sv Line: 88
Warning (12125): Using design file reg1bit.sv, which is not specified as a design file for the current project, but contains definitions for 1 design units and 1 entities in project
    Info (12023): Found entity 1: reg1bit File: C:/Users/Owner/Desktop/Robotics/FPGAWork/AlarmClock/reg1bit.sv Line: 1
Info (12128): Elaborating entity "reg1bit" for hierarchy "alarm_clock_top_level:inst|alarm_clock:mainClock|reg1bit:setTimeReg" File: C:/Users/Owner/Desktop/Robotics/FPGAWork/AlarmClock/alarm_clock.sv Line: 104
Warning (12125): Using design file alarm_control.sv, which is not specified as a design file for the current project, but contains definitions for 1 design units and 1 entities in project
    Info (12023): Found entity 1: alarm_control File: C:/Users/Owner/Desktop/Robotics/FPGAWork/AlarmClock/alarm_control.sv Line: 4
Info (12128): Elaborating entity "alarm_control" for hierarchy "alarm_clock_top_level:inst|alarm_control:alarmDevice" File: C:/Users/Owner/Desktop/Robotics/FPGAWork/AlarmClock/alarm_clock_top_level.sv Line: 82
Warning (10858): Verilog HDL warning at alarm_control.sv(89): object set_alarm_ring used but never assigned File: C:/Users/Owner/Desktop/Robotics/FPGAWork/AlarmClock/alarm_control.sv Line: 89
Warning (10036): Verilog HDL or VHDL warning at alarm_control.sv(90): object "time_achieved" assigned a value but never read File: C:/Users/Owner/Desktop/Robotics/FPGAWork/AlarmClock/alarm_control.sv Line: 90
Warning (10030): Net "set_alarm_ring" at alarm_control.sv(89) has no driver or initial value, using a default initial value '0' File: C:/Users/Owner/Desktop/Robotics/FPGAWork/AlarmClock/alarm_control.sv Line: 89
Warning (12125): Using design file bcd7seg_en.sv, which is not specified as a design file for the current project, but contains definitions for 1 design units and 1 entities in project
    Info (12023): Found entity 1: bcd7seg_en File: C:/Users/Owner/Desktop/Robotics/FPGAWork/AlarmClock/bcd7seg_en.sv Line: 1
Info (12128): Elaborating entity "bcd7seg_en" for hierarchy "alarm_clock_top_level:inst|bcd7seg_en:secUDec" File: C:/Users/Owner/Desktop/Robotics/FPGAWork/AlarmClock/alarm_clock_top_level.sv Line: 92
Info (12128): Elaborating entity "bcd7seg" for hierarchy "alarm_clock_top_level:inst|bcd7seg_en:secUDec|bcd7seg:mySeg" File: C:/Users/Owner/Desktop/Robotics/FPGAWork/AlarmClock/bcd7seg_en.sv Line: 8
Info (12128): Elaborating entity "segAdec" for hierarchy "alarm_clock_top_level:inst|bcd7seg_en:secUDec|bcd7seg:mySeg|segAdec:iA" File: C:/Users/Owner/Desktop/Robotics/FPGAWork/AlarmClock/bcd7seg.sv Line: 9
Info (12128): Elaborating entity "segBdec" for hierarchy "alarm_clock_top_level:inst|bcd7seg_en:secUDec|bcd7seg:mySeg|segBdec:iB" File: C:/Users/Owner/Desktop/Robotics/FPGAWork/AlarmClock/bcd7seg.sv Line: 10
Info (12128): Elaborating entity "segCdec" for hierarchy "alarm_clock_top_level:inst|bcd7seg_en:secUDec|bcd7seg:mySeg|segCdec:iC" File: C:/Users/Owner/Desktop/Robotics/FPGAWork/AlarmClock/bcd7seg.sv Line: 11
Info (12128): Elaborating entity "segDdec" for hierarchy "alarm_clock_top_level:inst|bcd7seg_en:secUDec|bcd7seg:mySeg|segDdec:iD" File: C:/Users/Owner/Desktop/Robotics/FPGAWork/AlarmClock/bcd7seg.sv Line: 12
Info (12128): Elaborating entity "segEdec" for hierarchy "alarm_clock_top_level:inst|bcd7seg_en:secUDec|bcd7seg:mySeg|segEdec:iE" File: C:/Users/Owner/Desktop/Robotics/FPGAWork/AlarmClock/bcd7seg.sv Line: 13
Info (12128): Elaborating entity "segFdec" for hierarchy "alarm_clock_top_level:inst|bcd7seg_en:secUDec|bcd7seg:mySeg|segFdec:iF" File: C:/Users/Owner/Desktop/Robotics/FPGAWork/AlarmClock/bcd7seg.sv Line: 14
Info (12128): Elaborating entity "segGdec" for hierarchy "alarm_clock_top_level:inst|bcd7seg_en:secUDec|bcd7seg:mySeg|segGdec:iG" File: C:/Users/Owner/Desktop/Robotics/FPGAWork/AlarmClock/bcd7seg.sv Line: 15
Info (12128): Elaborating entity "PLL" for hierarchy "PLL:inst4"
Info (12128): Elaborating entity "altpll" for hierarchy "PLL:inst4|altpll:altpll_component" File: C:/Users/Owner/Desktop/Robotics/FPGAWork/AlarmClock/PLL.v Line: 91
Info (12130): Elaborated megafunction instantiation "PLL:inst4|altpll:altpll_component" File: C:/Users/Owner/Desktop/Robotics/FPGAWork/AlarmClock/PLL.v Line: 91
Info (12133): Instantiated megafunction "PLL:inst4|altpll:altpll_component" with the following parameter: File: C:/Users/Owner/Desktop/Robotics/FPGAWork/AlarmClock/PLL.v Line: 91
    Info (12134): Parameter "bandwidth_type" = "AUTO"
    Info (12134): Parameter "clk0_divide_by" = "1"
    Info (12134): Parameter "clk0_duty_cycle" = "50"
    Info (12134): Parameter "clk0_multiply_by" = "1"
    Info (12134): Parameter "clk0_phase_shift" = "0"
    Info (12134): Parameter "compensate_clock" = "CLK0"
    Info (12134): Parameter "inclk0_input_frequency" = "20000"
    Info (12134): Parameter "intended_device_family" = "Cyclone IV E"
    Info (12134): Parameter "lpm_hint" = "CBX_MODULE_PREFIX=PLL"
    Info (12134): Parameter "lpm_type" = "altpll"
    Info (12134): Parameter "operation_mode" = "NORMAL"
    Info (12134): Parameter "pll_type" = "AUTO"
    Info (12134): Parameter "port_activeclock" = "PORT_UNUSED"
    Info (12134): Parameter "port_areset" = "PORT_UNUSED"
    Info (12134): Parameter "port_clkbad0" = "PORT_UNUSED"
    Info (12134): Parameter "port_clkbad1" = "PORT_UNUSED"
    Info (12134): Parameter "port_clkloss" = "PORT_UNUSED"
    Info (12134): Parameter "port_clkswitch" = "PORT_UNUSED"
    Info (12134): Parameter "port_configupdate" = "PORT_UNUSED"
    Info (12134): Parameter "port_fbin" = "PORT_UNUSED"
    Info (12134): Parameter "port_inclk0" = "PORT_USED"
    Info (12134): Parameter "port_inclk1" = "PORT_UNUSED"
    Info (12134): Parameter "port_locked" = "PORT_UNUSED"
    Info (12134): Parameter "port_pfdena" = "PORT_UNUSED"
    Info (12134): Parameter "port_phasecounterselect" = "PORT_UNUSED"
    Info (12134): Parameter "port_phasedone" = "PORT_UNUSED"
    Info (12134): Parameter "port_phasestep" = "PORT_UNUSED"
    Info (12134): Parameter "port_phaseupdown" = "PORT_UNUSED"
    Info (12134): Parameter "port_pllena" = "PORT_UNUSED"
    Info (12134): Parameter "port_scanaclr" = "PORT_UNUSED"
    Info (12134): Parameter "port_scanclk" = "PORT_UNUSED"
    Info (12134): Parameter "port_scanclkena" = "PORT_UNUSED"
    Info (12134): Parameter "port_scandata" = "PORT_UNUSED"
    Info (12134): Parameter "port_scandataout" = "PORT_UNUSED"
    Info (12134): Parameter "port_scandone" = "PORT_UNUSED"
    Info (12134): Parameter "port_scanread" = "PORT_UNUSED"
    Info (12134): Parameter "port_scanwrite" = "PORT_UNUSED"
    Info (12134): Parameter "port_clk0" = "PORT_USED"
    Info (12134): Parameter "port_clk1" = "PORT_UNUSED"
    Info (12134): Parameter "port_clk2" = "PORT_UNUSED"
    Info (12134): Parameter "port_clk3" = "PORT_UNUSED"
    Info (12134): Parameter "port_clk4" = "PORT_UNUSED"
    Info (12134): Parameter "port_clk5" = "PORT_UNUSED"
    Info (12134): Parameter "port_clkena0" = "PORT_UNUSED"
    Info (12134): Parameter "port_clkena1" = "PORT_UNUSED"
    Info (12134): Parameter "port_clkena2" = "PORT_UNUSED"
    Info (12134): Parameter "port_clkena3" = "PORT_UNUSED"
    Info (12134): Parameter "port_clkena4" = "PORT_UNUSED"
    Info (12134): Parameter "port_clkena5" = "PORT_UNUSED"
    Info (12134): Parameter "port_extclk0" = "PORT_UNUSED"
    Info (12134): Parameter "port_extclk1" = "PORT_UNUSED"
    Info (12134): Parameter "port_extclk2" = "PORT_UNUSED"
    Info (12134): Parameter "port_extclk3" = "PORT_UNUSED"
    Info (12134): Parameter "width_clock" = "5"
Info (12021): Found 1 design units, including 1 entities, in source file db/pll_altpll1.v
    Info (12023): Found entity 1: PLL_altpll1 File: C:/Users/Owner/Desktop/Robotics/FPGAWork/AlarmClock/db/pll_altpll1.v Line: 30
Info (12128): Elaborating entity "PLL_altpll1" for hierarchy "PLL:inst4|altpll:altpll_component|PLL_altpll1:auto_generated" File: c:/altera_lite/25.1std/quartus/libraries/megafunctions/altpll.tdf Line: 898
Info (12128): Elaborating entity "LPM_INV" for hierarchy "LPM_INV:inst7"
Info (12130): Elaborated megafunction instantiation "LPM_INV:inst7"
Info (12133): Instantiated megafunction "LPM_INV:inst7" with the following parameter:
    Info (12134): Parameter "LPM_WIDTH" = "1"
Warning (12125): Using design file logic0.sv, which is not specified as a design file for the current project, but contains definitions for 1 design units and 1 entities in project
    Info (12023): Found entity 1: logic0 File: C:/Users/Owner/Desktop/Robotics/FPGAWork/AlarmClock/logic0.sv Line: 1
Info (12128): Elaborating entity "logic0" for hierarchy "logic0:inst5"
Warning (12241): 1 hierarchies have connectivity warnings - see the Connectivity Checks report folder
Info (286030): Timing-Driven Synthesis is running
Info (16010): Generating hard_block partition "hard_block:auto_generated_inst"
    Info (16011): Adding 3 node(s), including 0 DDIO, 1 PLL, 0 transceiver and 0 LCELL
Warning: RST port on the PLL is not properly connected on instance PLL:inst4|altpll:altpll_component|PLL_altpll1:auto_generated|generic_pll1. The reset port on the PLL should be connected. If the PLL loses lock for any reason, you might need to manually reset the PLL in order to re-establish lock to the reference clock. File: C:/Users/Owner/Desktop/Robotics/FPGAWork/AlarmClock/db/pll_altpll1.v Line: 61
    Info: Must be connected
Info (21057): Implemented 417 device resources after synthesis - the final resource count might be different
    Info (21058): Implemented 6 input pins
    Info (21059): Implemented 42 output pins
    Info (21061): Implemented 368 logic cells
    Info (21065): Implemented 1 PLLs
Info: Quartus Prime Analysis & Synthesis was successful. 0 errors, 17 warnings
    Info: Peak virtual memory: 4910 megabytes
    Info: Processing ended: Thu Aug 27 12:48:06 2026
    Info: Elapsed time: 00:00:08
    Info: Total CPU time (on all processors): 00:00:16


